Time,BTC,ETH,BCH,XMR,DASH,BTC_volume,ETH_volume,BCH_volume,XMR_volume,DASH_volume
01/16/21 10:00 PM,35920.77,1233.64,487.26,154.79,122.81317459,15820273.6578284,7895339.38913366,17696216.1615413,13491782.889518,1898577.06130995
01/16/21 11:00 PM,36143.83,1230.21,490.27,155.14,123.23183421,11980834.94484,5898796.46751271,32266446.6745051,4413166.235015,123734.708820497
01/17/21 12:00 AM,36013.51,1226.44,489.98,155.77,122.56905394,13838716.3995466,3952503.73835595,35549346.5933583,12132199.5322804,11334089.0516025
01/17/21 01:00 AM,36373.21,1233.17,492.29,156.14,122.48581056,4976427.77001404,1883753.26660436,17414533.7433379,19688287.7084493,1743875.72385199
01/17/21 02:00 AM,36708.23,1250.9,493.78,158.03,122.927,3963652.81816233,1897777.9415978,22988401.7076028,3781642.2860289,573183.49316025
01/17/21 03:00 AM,36400.43,1244.95,488.42,156.33,122.75798928,4432709.94322156,1087408.12748294,18630569.6326157,5530521.7806783,305900.411294871
01/17/21 04:00 AM,36191.06,1240.6,488,155.96,124.88260181,6458781.20432225,2617524.41086111,5355545.17785885,5259075.6968472,233002.812664358
01/17/21 05:00 AM,35854.77,1222.74,483.77,155.71,123,11187193.7632476,2120393.3158912,23472935.9832795,2600939.4853,777680.00418
01/17/21 06:00 AM,35544.67,1214.45,476.21,154.46,124.02072883,16032293.9762329,4755166.56948429,29471103.2715,7308292.6542054,705252.697326444
01/17/21 07:00 AM,35387.09,1212.01,474.6,155.42,124.2471364,17838678.6345711,8424736.86560704,28064343.6954233,8293858.8743556,5916.15040435104
01/17/21 08:00 AM,34763.95,1182.07,470.94,153.27,124.28107366,23543010.170279,6055979.39677588,25709993.1847578,13838658.6354262,123038.2629234
01/17/21 09:00 AM,34692.61,1195.36,471.82,154.46,124.38202792,19414658.5205502,4258146.08255822,35645029.9092675,24375062.2793025,617500.082757396
01/17/21 10:00 AM,34151.05,1179.3,464.17,150.24,122.7779237,16195018.3566318,5525931.34165524,21168429.6514866,2322781.0282712,116639.027515
01/17/21 11:00 AM,34817.78,1202.96,473.37,153.12,123.17312128,10616630.8965915,5196940.76811552,17377934.6619681,5299382.655378,631037.875634008
01/17/21 12:00 PM,35302.42,1220.65,479.38,153.89,123.66204543,8344278.04625352,6097358.19582125,48182307.8917748,6415314.4834794,7264550.58829525
01/17/21 01:00 PM,35120.13,1214.82,475.76,153.02,125.08669347,5624512.7553555,7331790.1589309,5279928.1310853,5015497.6172742,2749927.50548985
01/17/21 02:00 PM,34896.95,1199.26,472.1,152.99,124.50345119,8926312.01609976,4174164.5166359,19586249.5025376,5603727.0181568,535726.912338509
01/17/21 03:00 PM,34786.91,1198.49,472.54,152.48,124.557,14741554.052309,7912413.64152311,14865251.54832,4275054.3625694,0
01/17/21 04:00 PM,35756.52,1241.61,479.19,154.89,125.69,7308567.96295339,8477096.35482525,29858801.7200682,2299125.3936356,2728182.1982836
01/17/21 05:00 PM,35942.52,1239.34,479.17,155.11,124.66857673,4410889.82176536,6034087.41792044,17365644.1560426,4012590.9455455,468823.507072048
01/17/21 06:00 PM,35836.35,1232.36,481.62,155.21,122.61586901,5270712.1534624,2126819.71829026,4018726.57059374,10398900.566703,1455036.86029669
01/17/21 07:00 PM,35680,1226.76,478.6,155.8,122.39462952,4088398.77880202,2457637.63201069,20346410.6687642,8547295.6448868,1164388.8420455
01/17/21 08:00 PM,35651.24,1219.14,477.22,157.29,121.83339775,4172676.81320331,2086486.2216391,12298552.8561769,38443000.1207175,14117.8811278452
01/17/21 09:00 PM,36090,1238.19,482.66,162.49,122.23336511,13721258.1073797,6413510.68572614,26515842.799336,61877845.5283863,199145.253345902
01/17/21 10:00 PM,36546.14,1261.21,490.34,163.17,121.6434991,7123863.95395337,8212216.39255176,14560891.1859685,31121560.7935552,61667.6620920464
01/17/21 11:00 PM,36167.89,1246.74,484.86,162.55,123.52169987,9131742.40211819,4419688.52709052,28508648.748736,43153262.0722287,144748.48401888
01/18/21 12:00 AM,35826.36,1233.23,479.99,160.25,123.79082322,10722180.7514699,2434457.01957305,9949374.30722946,33142554.6606072,537869.547319996
01/18/21 01:00 AM,35962.98,1242.75,482.01,158.95,124.09914467,6655955.07232561,2189892.46500341,8126417.32081254,6137769.440586,1095604.98627382
01/18/21 02:00 AM,36144,1239.56,489.11,158.75,123.38505299,3520989.223272,3049320.62756404,7413522.8292,5548423.498348,671854.686535459
01/18/21 03:00 AM,35762.33,1221.03,479.12,156.54,123.88962078,11257931.0510295,6011228.66781423,43642248.735558,12049017.8852304,1383805.16216506
01/18/21 04:00 AM,35092.98,1193.43,472.74,154.57,126.6559593,5582059.73767754,3176195.98615175,8724134.49707292,6589160.1531792,5044250.4782343
01/18/21 05:00 AM,35116.68,1199.69,472.61,154.37,127.11180667,7219905.39213502,8297891.36064091,10122888.6492006,2321124.5287653,79617.8923199266
01/18/21 06:00 AM,35364.36,1207.6,475.91,155,126.57780572,8362351.3678818,14566534.0085047,21698835.7471902,2473364.372528,11991.2218470785
01/18/21 07:00 AM,35164.58,1195.81,471.91,153.4,126.18721672,13847567.5850803,3399820.76501571,18144303.6482041,17412628.7499633,1166858.29223527
01/18/21 08:00 AM,36101.18,1219.03,478.87,155.03,131.1,9297224.56178514,4355240.21606737,14173962.9977187,13502082.1599936,5715475.721844
01/18/21 09:00 AM,36203.37,1221.72,481.88,155.83,128.55662122,9125251.2963176,4646444.50891129,19128629.3427354,4294597.494986,0
01/18/21 10:00 AM,36552.1,1229.46,483.88,155.34,128.2585532,6110577.78873581,3002068.92726489,14187159.0503487,24414677.1832542,758503.127427352
01/18/21 11:00 AM,36213.31,1223.63,479.93,152.1,129.01988046,11098823.4798649,5429137.84645225,12501189.800195,40514607.0281392,1440822.59183026
01/18/21 12:00 PM,36444.28,1224.27,480.57,154.84,130.51612965,25220452.4038604,12782180.9740106,45638695.9548945,33777972.7903453,7331111.07843156
01/18/21 01:00 PM,36980.37,1243.97,506.48,156.53,129.70806091,14130357.2092205,5205225.05424097,74674114.9059185,25156750.582782,1670064.33839032
01/18/21 02:00 PM,36782.22,1245.01,497.88,153.54,128.31028868,15728717.3377258,8224333.8566505,85716876.3903114,57261873.4081735,464826.367263177
01/18/21 03:00 PM,36444.07,1236.43,495.02,152.61,129.43446249,9516894.61218449,3856475.39987781,11128358.2565755,43446477.8149955,256236.731513012
01/18/21 04:00 PM,36444.8,1241.47,499.95,155.07,129.65371747,8729435.12458597,1800151.83615119,18707555.1736338,28099881.517911,0
01/18/21 05:00 PM,36220.91,1231.33,490.05,153.79,129.24493724,11766166.5847487,4423072.30096798,47093789.862675,14100033.430728,3344719.53082351
01/18/21 06:00 PM,35704.6,1219.51,484.26,153.4,128.41626361,6718917.79781303,3892784.57397422,7987602.0701532,7445185.5312354,1670360.20737876
01/18/21 07:00 PM,35783.96,1218.82,487.76,153.29,128.82869999,6195226.95328399,2498068.26640795,7814869.19003808,9800486.9928948,152191.314508432
01/18/21 08:00 PM,35986.68,1229.13,489.49,154.19,129.38985476,11074331.8310429,1859381.65823028,18229947.9646538,7616274.7679295,1494744.53190556
01/18/21 09:00 PM,36130.01,1228.42,491.19,155.25,128.87420455,3911135.07031571,1339690.87913748,24822986.3013802,5783007.2231182,451724.009611031
01/18/21 10:00 PM,36238.24,1234.12,493.16,155.83,128.32380183,4010724.32883239,1980844.84635022,11415058.4038083,10854600.9990645,7073290.03405649
01/18/21 11:00 PM,36493.89,1241.67,496.36,156.94,128.2494188,6298990.5319229,4295945.78711227,119236780.841682,7652109.944577,12323425.860985
01/19/21 12:00 AM,36665.82,1258.64,509.17,157.14,130.96593841,6038780.25069968,4450886.25995081,46338761.3672009,8611179.8801976,12185607.8673946
01/19/21 01:00 AM,36701.82,1262.64,507.98,156.16,133.19835022,16361190.5431514,20447820.3023334,216800004.256038,14846747.6848356,3917893.85848499
01/19/21 02:00 AM,36938.18,1319.84,517.5,155.73,133.42616014,6327588.80494199,18555895.2531644,38374969.2535083,22118727.1134663,15385840.7342086
01/19/21 03:00 AM,36858.65,1343,526,156.31,131.40638356,4529853.29969334,4711514.47689025,47075660.2377273,11425635.2910365,0
01/19/21 04:00 AM,36526.82,1323.57,517.19,153.71,132.12654629,6530495.91772135,3376555.09539162,22978513.0674447,16548360.6749148,6773705.60518589
01/19/21 05:00 AM,36359.82,1306.9,514.24,153.74,132.87305483,7440367.76186872,9858486.28715188,13781029.004699,24695856.5688912,1078932.17626111
01/19/21 06:00 AM,36284.33,1323,516.61,154.45,132.691,6626071.32925131,10661136.0434599,21207851.3359276,7374157.9877314,451450.54487832
01/19/21 07:00 AM,36675.85,1331.81,520.82,154.02,131.7,11840417.409999,17773963.8922233,35279035.3852683,38886913.3304008,9868718.471841
01/19/21 08:00 AM,37227.82,1377.04,529,154.1,132.51944415,21672009.846913,9500712.34728777,87025473.7496403,56421588.6171828,627740.39414542
01/19/21 09:00 AM,37242.48,1377.36,528.81,155.22,131.9296487,7286459.0225202,9086059.85416763,33270253.4817168,28153759.745032,158968.531253828
01/19/21 10:00 AM,37108.82,1381.91,525.76,154.49,131.18502468,10141640.7325228,11769839.6849168,17310047.4935595,29569192.0905504,2978982.99655028
01/19/21 11:00 AM,37141.38,1386.06,525.61,155.4,126.82493064,10948234.5053511,17455963.9131009,76848993.9186112,19592889.6244648,1358664.85274888
01/19/21 12:00 PM,37327.79,1432.01,534.7,156.49,125.09754461,14599603.7262001,18434197.7250084,41179812.53429,138972422.380165,824398.450871358
01/19/21 01:00 PM,36808.3,1390.51,522.4,157.04,126.64780054,6001583.98114522,10920434.7219046,25791236.7878896,4490704.89309,3675404.20680352
01/19/21 02:00 PM,37149.16,1419.5,534.07,157.1,127.24627671,7315792.5961779,5779274.21878451,12509954.6931765,5011436.9406752,2617538.78106241
01/19/21 03:00 PM,37027.93,1407.27,527.4,157.03,126.47767911,12772680.0419424,8219750.16275937,26231490.20853,35818953.0352,424778.659715414
01/19/21 04:00 PM,37340,1416.13,542.99,158,124.29448854,19161723.3188886,9468936.64291897,168053949.085116,22417719.8369648,774194.134786361
01/19/21 05:00 PM,37390.03,1423.28,538.74,158.79,126.163,7106546.15023984,5603480.26694813,39961030.2021912,40796477.291304,87274.47398458
01/19/21 06:00 PM,37179.83,1416,534.38,160.27,125.52321772,16491510.3034883,11530621.3845829,61012425.0255693,102875924.553944,439432.855491494
01/19/21 07:00 PM,36446.95,1367,515.23,159.68,125.22542486,9112610.47003883,12115236.834191,42843129.9260312,45052598.97357,125225.42486
01/19/21 08:00 PM,36269.21,1360.04,517.54,162.55,123.46592707,10407519.6748489,5827660.94889161,16149280.1205698,128159619.132918,11933786.3824588
01/19/21 09:00 PM,36443.82,1384.76,522.41,163.88,120.34079614,8286549.31619925,10966742.1792017,22863865.7087041,10979376.5914624,1223788.54408686
01/19/21 10:00 PM,36460,1410,522.09,161.47,122.88603171,4286526.59401787,4696847.31531718,23199899.481006,38553054.0221946,719749.130652046
01/19/21 11:00 PM,36667.9,1410.69,523.88,160.84,122.3738724,11179368.6027314,4711547.39698401,15366002.4850694,88414465.7040912,2308363.48822711
01/20/21 12:00 AM,35888.13,1368.05,507.92,157.15,121.032534,13932618.6784346,3831431.92671693,30640501.1920583,72432217.5944925,1051347.07929606
01/20/21 01:00 AM,36364.13,1404.4,516.77,160.38,119.77962453,5390390.13558125,1490839.95439417,28998523.5274432,13295989.6573318,3937163.75291221
01/20/21 02:00 AM,36140.57,1386.5,510.89,157.61,116.85306302,10065033.5611963,3094352.31617496,20811441.8196787,11408836.821035,2871968.9003691
01/20/21 03:00 AM,36086.74,1397.66,510.94,157.75,114.14825051,16481705.8835037,4693862.90702036,58693773.192481,142594153.603105,5829031.90228599
01/20/21 04:00 AM,35084.2,1342.14,495.14,152.28,116.40192309,19847888.9311778,5231778.686342,34181050.6174932,208512992.839379,0
01/20/21 05:00 AM,35290.91,1356.98,500.9,153.81,115.9,8837890.30297537,5022655.56882332,27520201.9333081,31532341.2583296,1540010.700782
01/20/21 06:00 AM,35489.41,1367.65,503.17,154.46,115.64357889,11710315.6009953,8103720.78913317,22688576.5727826,62258541.4751244,3590068.51741731
01/20/21 07:00 AM,35272.7,1349.93,500.22,152.2,117.89614713,7476054.686121,5326197.40628298,21689552.3858853,15667008.9187072,6442774.51379116
01/20/21 08:00 AM,35700,1369.13,504.37,153.34,117.74771601,9323586.53344331,6055382.59550181,39774412.8799056,21157216.28514,2521726.71224272
01/20/21 09:00 AM,35593.96,1352.03,501.96,152.34,118.79448837,21355158.6465754,10408416.3693796,63877998.717908,39620017.5473488,4528905.37355035
01/20/21 10:00 AM,34796.06,1308.36,490.86,150.71,118.03684923,46527960.5473325,8642447.57684546,59068786.2521607,34678426.3511948,590298.879996867
01/20/21 11:00 AM,34744.87,1304.46,490.27,151.09,118,45474983.0363307,17641307.7856582,85311285.8766708,356228081.980798,3229114.44116
01/20/21 12:00 PM,34401.34,1264.36,480.01,148.48,119.88959673,27276376.6610261,11364456.6993569,27392675.6548347,44504243.5785,4426254.23623356
01/20/21 01:00 PM,34733.19,1293.86,485.68,150.03,119.47745688,16920721.6836819,7061304.63760858,24859902.6922152,55913894.2067288,723086.591975304
01/20/21 02:00 PM,34976.18,1310,492.08,151.7,118.79524117,11343866.3329754,12359699.2272078,22690742.3061792,33786047.1429492,0
01/20/21 03:00 PM,34898.23,1304.97,487.51,150.39,119.82926956,17429152.3567349,7512616.15671017,107268399.378222,265127013.376036,1838835.35513074
01/20/21 04:00 PM,34190.79,1274.83,477.4,147.46,121.21300324,53723291.3322538,13908472.2492188,105811099.421287,59180899.119923,2680637.05885744
01/20/21 05:00 PM,34724.57,1312.41,491.74,151.23,120.339,14053745.5979212,4756374.34820028,24601906.8563163,49385372.5303852,0
01/20/21 06:00 PM,34862.88,1312.35,489.25,151.37,119.1788117,14630452.583938,5717084.97806569,32380466.0979661,1611577.8206631,718754.971094759
01/20/21 07:00 PM,35268,1319.24,492.62,151.72,118.965,11269999.4785168,15556784.9733791,23817204.279352,2784895.1500665,867706.0723485
01/20/21 08:00 PM,35234.72,1347.18,497.87,151.94,116.92151482,13995116.4619932,11557743.8572598,12732325.9217873,13997857.0158818,2702663.83807978
01/20/21 09:00 PM,34970.85,1333.05,495.72,151.75,115.3,8808230.93926447,4448104.03754054,18914943.2649853,8627577.9672672,5004.02
01/20/21 10:00 PM,34901.41,1322.42,494.65,152.33,113.72295355,3685804.73994549,5608935.34207032,16804151.4877599,10167749.67791,128649.786050684
01/20/21 11:00 PM,35000.29,1335.62,491.07,151.67,114.4871431,15694430.4808363,19361293.4735925,15309338.9344208,9616106.788547,1073533.64836415
01/21/21 12:00 AM,35516.17,1378.36,498.05,153.15,113.34227167,10775541.5035908,13787480.4046037,5952633.34894179,11025741.7901815,1682074.31923135
01/21/21 01:00 AM,35320.57,1363.75,494.4,152.11,113.14800283,9623013.32764613,14398306.2396762,13894256.3431461,11381538.514418,9450170.41913727
01/21/21 02:00 AM,34802.32,1338.07,486.9,150.53,109.71302492,9323706.70654092,5548208.15641417,5517898.09225024,6722148.5935707,23754977.0764505
01/21/21 03:00 AM,34574.44,1331.34,485.97,150.18,106,10468806.9461054,2183698.34312281,17811349.7759225,2435102.4557596,54576178.4851
01/21/21 04:00 AM,34587.77,1325.8,484.91,150.1,106.46366538,16285883.9635478,11392956.590922,22662054.7526384,5016005.7180688,4042632.6943681
01/21/21 05:00 AM,34226.83,1286.07,475.62,148.61,106.28486712,16359680.0034008,23476928.0826502,19097765.4646443,12450860.6974186,6727347.29472015
01/21/21 06:00 AM,34568.84,1304.52,478.83,147.21,107.41797114,17120190.1493556,24197298.4723509,18769710.6676796,80282776.017213,2211704.3170617
01/21/21 07:00 AM,34663.89,1305.84,480.11,148.29,108,6957664.18451527,1750211.12876898,13222492.2691604,4890766.3948376,2939619.62484
01/21/21 08:00 AM,34594.32,1309.06,478.33,148.02,103.80000308,35874947.1200441,16603233.5699509,41703729.011612,74531241.3963156,2797826.84417037
01/21/21 09:00 AM,33218.44,1256.61,456.73,143.5,103.6481838,63674152.6801522,26968093.8840432,122062550.706978,217494172.289247,9756738.87302657
01/21/21 10:00 AM,32867.73,1261.1,454.61,142.39,103.06099465,44524795.0629921,12204150.3727354,33607665.4725201,665064144.156866,362647.125054553
01/21/21 11:00 AM,32821.99,1248.3,451.89,143.31,104.38256914,20889493.5269753,5494953.96101277,43321484.3151107,23621064.4125156,6243654.28004375
01/21/21 12:00 PM,32167.27,1235.13,443.94,141.18,106.7458365,64183743.1166083,12178711.1585373,83682828.4605905,185370734.226612,33898.9443852118
01/21/21 01:00 PM,32470.57,1241.37,450.83,141.83,107.96211631,29464737.7168029,5773281.20529533,29772042.0442726,65604699.9920481,244336.310758787
01/21/21 02:00 PM,32270.36,1236.01,449.78,140.9,106.98939609,65680938.492592,7840005.75055093,51607926.7918956,118883174.384428,1743371.0114775
01/21/21 03:00 PM,31070.17,1202.99,439.75,135.96,104.90000002,41817321.386461,9080688.67546478,34543574.6708917,35826789.565878,8190739.88748363
01/21/21 04:00 PM,31366.25,1185.21,438.2,135.59,102.15335709,31538426.2519226,13150722.3594188,52635066.5652915,68539829.0312967,3026392.65212744
01/21/21 05:00 PM,31012.64,1165,431.7,134.68,100.00305861,19321365.6260503,9838954.38800756,46437952.7417055,33069261.1310355,111676049.549348
01/21/21 06:00 PM,31900,1195,440.46,136.7,94.58568546,24179956.5611533,4989301.62758499,32996042.2811554,640635737.55007,6282217.75581302
01/21/21 07:00 PM,31742.9,1190.88,436.7,136.65,98.85893922,24870299.7196489,8261199.99334508,43001150.2482425,25697117.5827872,1709652.29773842
01/21/21 08:00 PM,32474.15,1231.67,444.33,138.22,99.00670765,12657336.2299104,4881470.17450634,51818805.2000781,37266150.6035089,399352.190671316
01/21/21 09:00 PM,31864.23,1203.94,439.77,137.41,97.48096768,24035680.273488,6018414.99822864,39428508.299016,15179815.7139062,1003092.62929693
01/21/21 10:00 PM,31220.04,1171.49,435,135.15,99.35443601,52236121.3517901,16846676.5182562,82591068.414338,435539966.570723,11458889.7864315
01/21/21 11:00 PM,30904.3,1135.03,421.76,131.48,98.15,32112088.7277332,7018282.73450863,51370786.2241455,41263590.138696,3079636.4543815
01/22/21 12:00 AM,30817.86,1110.48,418.54,130.56,98.95712996,68856607.3285146,14355559.6751054,113042035.662125,217033857.555663,1657968.09225515
01/22/21 01:00 AM,29477.89,1064.88,403.99,124.2,97.58089376,62696902.2269188,12675216.7650435,105679365.049974,41757184.5377673,716242.874163885
01/22/21 02:00 AM,30061.03,1124.21,409.66,127.14,97.48096768,25723661.9499675,9745731.88998679,97656781.7493855,28257933.5449732,488488.907669805
01/22/21 03:00 AM,30728.08,1157.26,420.55,129.05,99.87753022,17762415.3453647,9764435.54955891,27166669.2489252,17917846.9618284,2940681.45180398
01/22/21 04:00 AM,30981.59,1159.58,415.59,129.88,100,16747737.7226925,5250270.03424466,49474261.883397,20695779.434061,570287.817
01/22/21 05:00 AM,30950.56,1157.58,419.25,130.05,101.53927518,16619605.2791,12616833.0160504,33203647.1241459,6485858.688448,3208566.29373476
01/22/21 06:00 AM,31850.88,1176.35,423.88,131,102.10199999,18773123.9002868,5848237.42287756,29916624.1477203,9476271.5915404,1238441.14768257
01/22/21 07:00 AM,31567.8,1167,422.08,131.1,102.10268255,17380496.2139237,5836286.63901356,28875757.8726045,21827981.1453792,3738150.85195411
01/22/21 08:00 AM,30810.31,1143.73,415.96,129.33,103.94268619,28107872.9375419,10543076.4258873,30787910.4919537,22276228.6355112,0
01/22/21 09:00 AM,31495.24,1164.36,422.5,131.77,103.94268619,18178194.1079806,6185463.91787483,29567633.872734,7737833.6470814,257493.244848448
01/22/21 10:00 AM,31410.05,1170.88,424.92,132.81,104.69056592,13226286.9239721,4789272.07964558,23355845.1658701,55842065.0023186,2494971.16263047
01/22/21 11:00 AM,31377.26,1176.79,430.02,133.58,105.00361675,16922055.5543022,9900515.3204591,33263160.232987,2913622.6676249,14852187.282506
01/22/21 12:00 PM,31778.58,1199.63,431.7,134.72,106.59668547,12185996.219346,6557080.54738082,19348724.6326693,15967263.4526937,2340749.60963559
01/22/21 01:00 PM,31562.51,1204.22,431.28,134.27,107.7873726,23001117.0448929,11751271.4579909,38098678.0413221,13267758.251835,3174195.68313498
01/22/21 02:00 PM,32191.8,1221.35,435.65,135.28,107.08806448,22169906.2233058,7736976.42386101,115276844.480627,13312218.506552,2441818.08508546
01/22/21 03:00 PM,32581.73,1235.51,444.43,136.05,106.97746088,21774617.6254573,9499255.2003089,88299255.6150785,62592942.240995,97048.5628731192
01/22/21 04:00 PM,32516.16,1235.01,445.29,138.19,107.18283295,17032302.7055292,8342328.16712191,76785173.9131338,9697840.2799154,15411718.2492414
01/22/21 05:00 PM,32414.85,1241.15,442.28,137.41,105.53,13249548.8740297,4208739.49239524,27988957.8315382,4219348.0162158,644728.3969508
01/22/21 06:00 PM,32350.39,1236.16,442.75,138.32,104.06083728,31915966.6476159,8205757.50581541,39713880.4404933,8526719.386035,0
01/22/21 07:00 PM,33345.79,1263.9,447.67,138.31,104.07875629,27309772.101909,4397555.6143163,42465710.3686732,16661605.7433034,1175444.19359675
01/22/21 08:00 PM,33656.83,1271.57,449.42,139.46,105.34706697,17907409.2427955,3925281.839125,23074334.3017284,6005665.9280601,945573.59691022
01/22/21 09:00 PM,33535.36,1249.9,445.66,138.92,104.27719711,10977289.5146993,2175739.20382574,54613343.9550399,16397585.7171264,382772.904976657
01/22/21 10:00 PM,33315.72,1245.45,443.1,138.49,106.08784374,7121459.76723127,2613359.55925391,15615310.8982335,47629465.5353772,15913.176561
01/22/21 11:00 PM,32853.4,1226,438.5,135.65,106.77661104,10011849.2905346,2348852.85096953,31350927.8728939,7902834.6612865,934926.281052507
01/23/21 12:00 AM,32989.1,1232.26,439.8,135.13,107.17806023,7147359.68676287,3206009.93993445,21318704.8292991,43590520.7477684,2545995.14501535
01/23/21 01:00 AM,32732.46,1229.34,435.29,135.57,106.64867062,10531044.1752689,2294836.5889006,15142965.3839558,7983551.933784,16087196.2676108
01/23/21 02:00 AM,32702.43,1233.03,432.08,137.32,109.09463856,8920471.05490565,3411293.19864473,11019497.6936629,9299828.9675092,2367647.81844447
01/23/21 03:00 AM,32309.76,1220.86,429.06,136.72,109.12989729,4690769.23175903,1559795.84397657,13436112.1128023,2935539.7808541,2387713.51241868
01/23/21 04:00 AM,32375.42,1233.08,430.92,138.01,107.38678133,4272357.47430914,1039650.076372,24885109.8908499,9607172.7492716,4086752.8574332
01/23/21 05:00 AM,32606.55,1246.56,434.1,138.18,105.45652724,9190299.44386829,1936338.6277521,19050469.8806441,9220170.4155216,5619158.38406009
01/23/21 06:00 AM,33385.35,1265.73,437.99,139.87,103.06552174,6269125.07225881,1366116.55865388,16597562.6566293,16716968.1174969,1713412.4147132
01/23/21 07:00 AM,32878.88,1255.7,437.61,140.02,103.11935961,7291401.74794326,1074367.59177407,11782538.3825354,3729670.8034536,824049.743607442
01/23/21 08:00 AM,32948.9,1263.63,441.39,140,104.1977328,5445182.47481433,1645478.04556088,37912501.4386339,8673480.3996864,582068.825845308
01/23/21 09:00 AM,33004.91,1270,441.4,141.06,104.59041462,9031391.5067033,4209283.71748372,6385938.13121742,15029580.6519872,17175.6464884376
01/23/21 10:00 AM,32492.22,1257.81,433.47,139.18,104.66345159,6681088.5656978,3444944.68776421,10185894.2999191,6390078.191099,369313.789038325
01/23/21 11:00 AM,32344.77,1245.9,430.31,138.14,106.18205397,14880046.1011662,5003548.65891782,43402524.2524298,12887705.6651412,0
01/23/21 12:00 PM,31650.22,1219.38,421.75,136,106.52425316,6710875.08768297,3137648.25447177,14287909.9024011,6136179.3951792,1391568.70502941
01/23/21 01:00 PM,31656.87,1220.6,422.76,136.15,105.38403161,11626489.373137,4856269.13264017,47736831.1716897,12596665.170104,235013.433305133
01/23/21 02:00 PM,31892.01,1236.29,428.15,137.62,105.76358774,5175206.97111186,1142801.85267722,12712434.7821131,3439419.7549986,496542.664308927
01/23/21 03:00 PM,31705.15,1219.49,425.24,137.6,105.76358774,6138397.26744062,2039273.80304549,27844654.0352712,3990506.4951975,0
01/23/21 04:00 PM,31878.81,1231.08,427.31,137.91,106.02630905,6455088.77225521,9381434.57684517,16256205.6312042,5793718.1201756,30783.3827561747
01/23/21 05:00 PM,32146,1243.87,428.2,137.89,104.70007997,4980364.1614398,2863736.96316641,17319577.4905064,2476408.6243638,227772.094466497
01/23/21 06:00 PM,32250.13,1254.85,430.84,137.79,104.50293161,6178151.36196798,4718054.96393357,16076060.4836685,24690060.991167,5225.1465805
01/23/21 07:00 PM,32203.35,1249.67,431.71,139.05,104.9,5942308.20617565,3267247.5560664,6847326.113664,23992014.5184248,104900
01/23/21 08:00 PM,32385.29,1259.6,434.79,139.95,105.33661511,5864276.47519551,1858012.59183681,8795400.7061337,5281992.2678094,330877.940014192
01/23/21 09:00 PM,32205.84,1252.2,433.43,139.59,106.6210358,7896636.91310027,2269900.25120597,13236688.7815001,25722512.3630587,2143335.18837311
01/23/21 10:00 PM,32368.22,1248.2,432.89,139.76,107.04669707,4805676.17282828,2418012.4900537,5730356.87238465,7233150.9973086,1269923.18699169
01/23/21 11:00 PM,32085.61,1236.78,430.85,138.48,107.13751649,3818642.64552652,892597.336484479,10323954.473039,20412641.2660722,1076378.48692008
01/24/21 12:00 AM,32098.38,1233.88,427.8,138.95,108.27805014,4975274.72330684,2186441.10779776,14644920.1114844,6299527.2773168,542600.250330851
01/24/21 01:00 AM,31904.32,1229.65,430.23,138.78,107.4,2562126.83777092,1711779.27024769,8083850.90780871,3429473.5685857,1676781.151056
01/24/21 02:00 AM,31883.66,1238.95,427.24,139.02,107.0679541,3737984.46376868,4807181.23382179,6969266.37417645,1320542.8987934,114161.393428045
01/24/21 03:00 AM,32147.27,1257.88,431.11,139.81,107.44446498,6629476.91822167,3099139.60972684,5652843.6791835,4270772.392332,1387.78816635512
01/24/21 04:00 AM,32489.59,1295,435.19,140.7,109.25608182,6691043.72848701,19758001.3216505,13069069.9632566,21494274.711101,3513883.63894732
01/24/21 05:00 AM,32840.16,1324.68,439.67,141.35,109.19011146,4365480.00168544,8078216.16288781,20508350.1244167,34124576.6737728,18239127.4484814
01/24/21 06:00 AM,32902.08,1326.57,441.87,140.55,110.32706918,4479571.83098345,9052736.65530574,17793278.4191645,3549941.6181212,627185.615011433
01/24/21 07:00 AM,32782.32,1321.2,438.41,139.57,109.3861371,2214161.51185025,5198827.37255173,9450978.016872,4284316.3207911,4064071.39096276
01/24/21 08:00 AM,32804.07,1315.08,438.51,139.67,107.62640348,6414738.39396063,9619167.52235056,4463876.609325,3261041.4925056,297934.763752068
01/24/21 09:00 AM,32677.07,1327,438.19,139.99,107.60374229,4583379.4869267,30144894.075178,19063503.4505644,8033674.0097406,253301.538971681
01/24/21 10:00 AM,32664.38,1343.48,440.17,142.9,107.00166924,5385933.4810525,4065853.11829456,35911144.3261675,2963430.420588,276999.293645119
01/24/21 11:00 AM,32735.71,1342.37,448.51,142.38,105.17158291,4941230.51938747,4914227.91835819,24394174.244139,2769269.6886038,836054.646414419
01/24/21 12:00 PM,32844.65,1344.84,447.92,141.62,106.52969957,8529343.06862015,2970407.94394681,35508909.1826788,6998605.1891156,7351983.56916026
01/24/21 01:00 PM,32405.15,1327.17,435.53,140.18,106.07295546,5820121.75429478,3552522.86208528,19129214.839626,12449174.3180215,335467.689853815
01/24/21 02:00 PM,32263.63,1323.2,437.14,139.55,104.11239196,5129995.09649301,5678941.90661441,6529554.2521755,11064765.936406,9297436.43951762
01/24/21 03:00 PM,32108.63,1305.59,431.8,138.29,104.88726952,6113725.34682757,5533708.99386909,6069563.37245141,4407181.5308931,18931.1273997368
01/24/21 04:00 PM,31997.65,1321.9,435.36,139.17,105.49820065,11057743.681534,9397033.26634665,22687262.826867,6529572.7817724,643437.961963687
01/24/21 05:00 PM,31770.73,1329.62,429.39,137.71,105.4308769,5248341.50116889,10426133.5186952,11705744.2784146,8005163.2265254,57230.6623021614
01/24/21 06:00 PM,31888.14,1358.74,433.46,138.16,105.55572565,2504485.66005796,4355720.12007671,21685385.445273,6549368.2449552,1124102.50689953
01/24/21 07:00 PM,31859.6,1349.29,433.67,138.08,107.3,22296973.2180497,8903059.53006954,24142330.2570168,21277882.2858759,0
01/24/21 08:00 PM,31334.78,1327.34,425.59,135.62,108.36357492,8915789.42510766,4331454.11847736,11249888.5551006,20361099.6545476,4783366.08402751
01/24/21 09:00 PM,31683.81,1341.53,430.55,136.7,107.987665,4970098.64581632,2259844.95960928,3908707.44677266,6599947.018443,338678.259214097
01/24/21 10:00 PM,31922.37,1352.18,431.96,136.7,107.90086656,5468955.1647912,10476470.4977362,47686916.664261,5024429.4191104,54770.8078844903
01/24/21 11:00 PM,32159.65,1370.83,434.84,137.37,108.87613393,6600208.58329025,9243550.25217705,11736377.2966718,4399197.438566,2654135.87779484
01/25/21 12:00 AM,32289.06,1393.86,440.2,138.2,108.10615647,11850587.3134129,35214471.4095914,61314961.9481777,10826423.0298162,216006.911242707
01/25/21 01:00 AM,32606.47,1458,449.73,139.29,108.2,7076428.668189,7406186.21610107,48653242.1251484,11262217.221966,1213413.723556
01/25/21 02:00 AM,32866.44,1434.1,453.7,139.23,107.93878065,4995550.29078706,6119989.10991584,20148237.0002779,2126824.1114676,4684371.52015326
01/25/21 03:00 AM,32831.39,1430.91,451.33,138.76,108.33449773,15432175.2587484,4015758.63882851,13015371.5590807,18135268.4723904,5345.52420455691
01/25/21 04:00 AM,33589.56,1429.02,456.48,139.99,108.45747234,9858281.17605374,4345965.69354189,28212531.415751,13129938.735,183242.000317564
01/25/21 05:00 AM,33406.6,1424.75,451.6,140.13,109.31902538,4314437.48679614,6177810.7901324,26653203.5931486,2448760.274961,4157318.20541203
01/25/21 06:00 AM,33374.43,1441.99,457.16,139.65,110.44851363,4242372.95901792,3337141.89022399,29746049.2325766,2706505.1697214,11136393.5574119
01/25/21 07:00 AM,33508.8,1429.84,455.75,141.48,110.2209931,5629170.33768278,4619622.84705848,73148375.6104262,2923557.7714369,81560.1345763628
01/25/21 08:00 AM,33388.27,1426.03,452.8,139.61,111.46032569,15882550.8973163,11167361.2944692,15365642.0279787,4919621.52515,8770962.57597968
01/25/21 09:00 AM,33442.19,1424.34,453.03,139.8,112.12117385,19843525.7961126,5655738.15917007,25871276.8908378,78567510.8336695,6319199.57838098
01/25/21 10:00 AM,32984.18,1391.43,443.57,138.85,110.6,6664456.0073583,6440643.48952455,11912370.6829463,5174696.8528432,4376506.056202
01/25/21 11:00 AM,33131.65,1404.16,448.87,140.15,110.52821165,6818833.72739781,6103581.6273124,10721845.7041676,5555269.5354244,1293019.54844625
01/25/21 12:00 PM,33208.36,1413.83,450.49,140.35,109.78055937,22963284.0932639,10859668.5511373,27863048.517452,28533990.8078235,4326544.01872496
01/25/21 01:00 PM,34192.82,1428.03,458.96,142.06,109.17605834,31892481.0811945,7749894.62274385,44254523.0602956,32892873.3761243,0
01/25/21 02:00 PM,34572.61,1418.02,460.56,143.84,108,24159617.5774878,9751859.78847601,47220374.1369882,37180448.472366,56341122.29316
01/25/21 03:00 PM,34473.11,1405.44,455.23,143.32,108.39973438,7281931.28509508,5721264.08931733,25154092.4868462,10056498.374232,0
01/25/21 04:00 PM,34494.46,1437.35,459.83,144.1,108.1395,28718004.9848674,15138574.7148824,48881380.183517,394956472.415862,2068772.62114215
01/25/21 05:00 PM,33903.87,1405,449.94,143.48,106.3,15815990.9323564,10475149.7183796,21702348.2653893,8361929.1919829,6906308.351004
01/25/21 06:00 PM,33769.1,1398.8,450.34,142.71,105.96640189,12137553.956648,10164975.4057866,10475905.0337962,23720687.234262,1872666.23780749
01/25/21 07:00 PM,33640,1372.97,446.56,141.31,105.05315016,12173767.310378,3381741.657681,15664574.1818159,6004124.4111171,9750507.7885766
01/25/21 08:00 PM,33411.42,1383.25,446.36,141.31,105.86735614,15153077.1762965,7382622.57785409,25453972.952616,37045882.5075072,1410323.04266436
01/25/21 09:00 PM,33444,1368.67,444.69,140.79,104.74689657,27013581.0938914,16930489.3001209,39267342.1802013,22224627.7767288,0
01/25/21 10:00 PM,32706.25,1346.72,437.96,138.85,105.25773519,15343702.4146222,6242719.09633026,13570602.6003534,9641295.9791102,1064665.36598758
01/25/21 11:00 PM,32473.16,1325.7,434.9,138.07,104,11148489.8002185,5809564.77842413,23653697.772222,5780103.0159083,3689161.16608
01/26/21 12:00 AM,32264.15,1316.21,431.9,136.99,103.62969261,19498121.9528688,13270913.278545,14701074.869808,5473503.8150598,372976.523122559
01/26/21 01:00 AM,32503.29,1367.08,436,138.56,103.51925668,12896929.2527299,7189855.5867903,6144365.19023568,38893397.5442015,63370.3005503707
01/26/21 02:00 AM,32755.25,1376.77,437.02,140.07,102.90314989,13817507.4571602,2598698.31620334,10124814.4413402,3256734.2671976,1070069.22362456
01/26/21 03:00 AM,32319.35,1349.76,433.99,140.14,101.80624912,17294372.5667401,6559605.86472285,33245058.7753193,8467114.1560076,216804.824841717
01/26/21 04:00 AM,31533.8,1312.77,428.53,137.07,103.4172206,11334547.2751445,2873619.60844392,18000315.7758612,14293953.3488664,143963.68141388
01/26/21 05:00 AM,32037.52,1339.6,427.12,137.21,102.50471884,4690468.3777843,1400383.59465437,48346944.0664235,2137345.5267543,97379.482898
01/26/21 06:00 AM,32090,1338.96,430.84,138.31,104.49982877,10239414.0891996,1926311.21394363,28004974.3331253,3182074.3427814,485808.869409483
01/26/21 07:00 AM,31601.35,1316.04,425.33,137.47,103.69893956,13451001.6967416,2590193.39552422,28518757.873936,14635822.8770624,639595.188415282
01/26/21 08:00 AM,31663.1,1319.07,426.11,137.38,103.03543917,11937807.9467727,6042406.286495,65812611.8938652,1936964.494965,1147927.74186293
01/26/21 09:00 AM,31890.62,1328.4,431.41,138.72,102.14225367,9966767.50838458,6139596.60402424,23273008.6376628,3576853.921422,4400251.5271065
01/26/21 10:00 AM,31835.06,1317.01,429.26,137.9,101.88030021,12106876.8733178,5009177.95614554,22346490.3975795,1450888.6075212,3235992.21234903
01/26/21 11:00 AM,32241.15,1337.57,433.63,137.99,102.39947647,7977061.23540313,3846566.26137755,25298027.203573,23326960.777704,1247206.64878161
01/26/21 12:00 PM,31786.39,1314.39,431.38,136.07,103.31827888,13004043.6682244,9902290.45243939,27551977.6476177,7785447.0715235,107292.627246408
01/26/21 01:00 PM,31301.94,1273.76,423.48,134.43,103.66794595,11056006.9729989,7973737.50711778,78137202.1103277,24389690.8651003,0
01/26/21 02:00 PM,31786.27,1286.25,425.32,136.91,103.66794595,24083527.8556293,5367127.43674628,69644220.503343,15570599.5557372,0
01/26/21 03:00 PM,31280.76,1260.35,418.53,136.64,104.05471388,13304343.3406946,3726574.35418017,67704239.9947722,12151815.052847,1088673.27328557
01/26/21 04:00 PM,31785.55,1281.84,421.11,137.65,103.85020026,21668990.8748871,6839144.16547977,77076364.8042226,12581125.9429683,41557.2797741671
01/26/21 05:00 PM,32021.11,1310.25,427.2,138.81,103.9810931,19690226.6330497,9854276.25957462,19925043.8433669,13110883.6305888,1482991.39526014
01/26/21 06:00 PM,32238.65,1331.11,429.12,139.14,104.85343578,18109775.1365004,5687515.0746346,37790886.2456264,24081727.83774,15146089.2250467
01/26/21 07:00 PM,32275.69,1339.48,430.42,138.39,105.40664126,14042080.0320009,9089411.5516044,14970331.1493502,1578708.388933,0
01/26/21 08:00 PM,32240.51,1342.75,427.87,138.33,104.02966029,18693150.9347536,8710319.78072453,27688959.8122842,3016247.5627343,837729.43356802
01/26/21 09:00 PM,32030.41,1338.6,426.2,136.93,103.05142307,24123684.0675487,7230866.52052262,21765114.8252604,3078280.970822,1471163.66151867
01/26/21 10:00 PM,32013.42,1334.13,422.89,136.31,102.61117121,20341886.7291494,5848644.79232441,23699602.560813,2243539.2216528,0
01/26/21 11:00 PM,32785,1363.27,429.7,138.45,101.81800287,26934040.7832618,7017879.57577213,14911562.1339615,20838171.4764729,143258.727273052
01/27/21 12:00 AM,32521.65,1366.91,428.24,138.07,101.41834808,17556715.1670862,6700968.56592121,23955826.6251195,4782602.7764928,730212.106176
01/27/21 01:00 AM,32367.16,1347.09,426.97,136.64,100.91399524,14661310.5608278,3091997.55485483,27182372.5667505,7678524.4166768,293862.465392257
01/27/21 02:00 AM,32132.26,1321.09,420.73,135.03,99.82113037,16310388.643188,4241628.36683307,18439127.4843774,6448687.9157055,94979.9832286671
01/27/21 03:00 AM,31851,1302.01,415.95,134.28,100.90986871,9637479.52097989,3741056.39424829,45290825.1117131,23263085.9833924,365143.047123341
01/27/21 04:00 AM,31823.46,1309.84,416.45,134.09,100.50256676,11541263.1972498,4729419.96321679,23034546.5559552,20685033.3903808,251440.32755194
01/27/21 05:00 AM,31923.83,1311.98,416.04,132.95,99.54689072,15879512.9665183,6711819.48752975,40583042.5976462,13638676.1217987,2987702.53741307
01/27/21 06:00 AM,31547.7,1285.11,407.18,131.95,99.01008621,12722487.9795255,4376678.63715533,73764738.6544001,10679942.596887,720802.645447826
01/27/21 07:00 AM,31735,1294.31,408,133.08,99.44934999,15070469.3447569,4536107.94211632,58934435.9699787,5973581.512371,115374.164458964
01/27/21 08:00 AM,31798.9,1296.39,407.91,133.92,97.84292418,21480455.2882694,7505599.38579491,140747296.754542,5601999.196875,14733832.048611
01/27/21 09:00 AM,31213.09,1261.93,394.03,131.55,97.92276439,29300335.1917881,8022068.22110522,95035190.6682432,19567501.2967962,465959.985778871
01/27/21 10:00 AM,31242.03,1272.51,397.19,134.82,96.97502684,16549261.2867742,3634960.53168385,38506075.133496,15833596.1544046,4424377.18537399
01/27/21 11:00 AM,31416.28,1278.45,398.55,134.77,94.56123,22510638.574991,5721647.00296259,76636506.9683729,9498093.5594,3169509.27962729
01/27/21 12:00 PM,30710.07,1250.9,389.7,131.36,97.47656454,33810956.4570324,5680349.20639728,55481810.2714455,32335515.9132588,1532490.31663361
01/27/21 01:00 PM,30783.79,1263.86,395.14,132.51,97.72136024,20339915.0164123,5052766.16885132,59250383.1889972,5102719.0819388,6304.60691266148
01/27/21 02:00 PM,30295.16,1236.33,383.49,130.07,96.95923519,75221570.8868848,10764863.2208413,170596368.199844,47576231.8820646,815132.535011151
01/27/21 03:00 PM,29540,1222.94,375.65,127.48,96.15784956,49875385.0844487,12329216.9986974,114930669.59689,35353354.7328853,1285440.48205434
01/27/21 04:00 PM,30352.92,1282.26,383.55,130.16,97.92523612,50881998.4252551,11132291.8382533,154096040.766676,15791274.5234544,1888369.73995962
01/27/21 05:00 PM,30587.52,1272.81,382.33,129.51,98.58009339,33908909.7190043,4875178.04637449,136507941.85208,13836733.1123951,510173.091262847
01/27/21 06:00 PM,30564.58,1258.87,374.55,129.33,97.85042997,41135194.1594259,31823536.8541063,78442199.0384393,97863381.2159601,391401.71988
01/27/21 07:00 PM,29740.24,1225.22,371.02,129.2,97.25497677,34875985.9262065,8879656.4736712,132843598.0136,76426322.896784,5348462.081667
01/27/21 08:00 PM,30776.35,1269.33,380,129.49,96.74562382,70394379.7812187,8766497.2326939,146827123.71628,7821938.2853231,10086722.7701187
01/27/21 09:00 PM,31595.7,1291.26,386.96,131.13,95.50657576,29432206.5760029,6311367.62208008,107177733.773369,8768219.1689092,642922.807010592
01/27/21 10:00 PM,31001.12,1276.62,382.46,129.38,96.85555555,21930668.1021677,6368048.17212482,97862947.2864709,15022998.4398395,2574642.36888565
01/27/21 11:00 PM,30589.68,1253.88,382.62,127.41,98.05664879,25070068.9619191,3715777.38333236,15866289.7028517,15323056.922133,0
01/28/21 12:00 AM,30427.34,1240.62,377.83,125.47,98.39536284,29637998.6616644,3126529.01596625,36645209.2718192,8568152.473153,334622.949946272
01/28/21 01:00 AM,30725.48,1261.31,380.97,126.04,98.56,23460716.0950852,2193432.93281564,33641275.562226,75601728.161813,806056.495552
01/28/21 02:00 AM,30951.6,1269.57,383.45,126.82,99.83515416,11178806.2395317,1073223.50067072,6954816.8881224,58217644.454496,8113391.42190143
01/28/21 03:00 AM,31075.29,1272.24,385.77,128.17,100.71841929,27899829.5087363,8884510.5817854,58955238.0710985,80655397.7844436,154483.770769022
01/28/21 04:00 AM,31508.08,1291.45,392.51,128.88,99.358876,21396978.3634558,4541790.57140288,101117385.956619,41259130.171752,198717.752
01/28/21 05:00 AM,31387.5,1285.9,392.42,127.16,98.87528418,20509129.2527118,1485785.78979769,38775407.9838045,4652779.9401255,9782349.32326831
01/28/21 06:00 AM,31772.98,1304.58,394.39,129.01,99.42425134,7167320.39855213,5135285.13934986,46766197.1796039,7748676.475826,1043992.4948537
01/28/21 07:00 AM,31612.39,1306.23,394.41,129.14,100.59789879,14580755.3988683,2376515.23283687,16395850.6046575,2698130.1863945,687351.089255612
01/28/21 08:00 AM,31182.59,1287.56,389.38,127.88,101.25583556,9750915.878876,3496963.69205464,31276982.5006365,3030941.2374569,1552845.4175619
01/28/21 09:00 AM,31084.15,1278.53,389.76,127.45,101.23864839,29613329.0180225,3005254.67191739,21891376.2566837,7738651.5878812,1884606.68529559
01/28/21 10:00 AM,31482.14,1303.35,394.76,129.28,104,10352327.4305031,2600183.5938921,17235637.4214866,37215941.220024,2380797.0264
01/28/21 11:00 AM,31505,1301.51,392.14,130.2,102.50471884,11874123.0040247,2959189.90377257,22983229.475304,74570195.2105799,371239.116895476
01/28/21 12:00 PM,31471.47,1303.41,392.43,136.97,102,11093807.4767769,6247017.4544052,20069583.0006067,138397663.991136,9335048.32524
01/28/21 01:00 PM,31513.5,1320,396.23,136.49,102.123,17511415.2139629,13176904.9063588,14723618.9524875,83844375.6166986,226542.95065521
01/28/21 02:00 PM,31797.54,1343.36,396.84,137.96,103.22987732,24761428.307259,15891887.2768947,62034081.0430698,115108764.43631,486055.091186831
01/28/21 03:00 PM,31886.7,1348.7,393.92,137.2,102.87073114,32096123.546928,8321378.47959075,40980509.5006989,109901634.898609,7082996.63782653
01/28/21 04:00 PM,31972.51,1352.76,397.24,135.57,103.09516037,35778252.9679722,7074757.59512911,34188670.2447555,25268435.5221752,1545877.83824052
01/28/21 05:00 PM,32498.12,1355.17,396.64,136.13,102.50748977,36621267.1006624,10275044.3571677,33198332.2893562,78476079.896008,983150.094989644
01/28/21 06:00 PM,32359,1338.93,394.09,136.25,103.81421573,28260545.189149,7309900.46392211,12452241.512264,18968700.4221447,1445684.22457563
01/28/21 07:00 PM,32703.9,1341.73,395.77,135.15,104.3378569,35226341.3489931,5245602.66394496,6402881.600154,17366644.4097171,0
01/28/21 08:00 PM,32646.83,1336.41,395,135,105.11961677,46944018.332604,7547832.20676834,11489601.2693132,37497201.5073698,1389733.70008769
01/28/21 09:00 PM,32657.28,1334,395.52,133.45,104.23471437,31992453.5005355,7544260.04296074,25460848.9062846,17123716.73995,0
01/28/21 10:00 PM,33268.37,1350.96,402.51,134.82,105.36723783,18443938.4895892,5787618.96607012,60704927.8713362,27270036.7137528,107732.587966168
01/28/21 11:00 PM,33560.86,1351.8,411.68,136.01,105.8066278,37543993.4708502,8418329.09789034,24802069.6396438,25442005.535826,5407934.58706922
01/29/21 12:00 AM,33488.66,1332.47,406.09,135.49,105.28229447,45801499.5967741,4537955.68125022,76856758.8458045,3864808.5442582,74673767.090858
01/29/21 01:00 AM,34249.99,1371.05,416.2,138.16,103.36903602,27177229.9138313,2702895.79821092,66412714.0086102,69871717.106532,739462.233890004
01/29/21 02:00 AM,34041.53,1346.11,411.81,137.41,102.8540166,31797263.2960629,4275309.4204816,20836369.2554969,11143342.7455812,1154849.63686934
01/29/21 03:00 AM,34080,1344.98,410.27,136.81,104.77675884,30969381.6979607,3193871.62291687,29806295.47368,8483077.8886544,1746281.03478364
01/29/21 04:00 AM,33847.3,1323.87,404.14,135.48,103.69123635,34084378.8033107,3883515.54351122,63287752.6530401,21701366.800512,813664.983359982
01/29/21 05:00 AM,33105.3,1306.8,398.46,134.17,102.50471884,13698896.0101838,4874781.24978822,175239562.441991,3344209.2023952,446350.836514332
01/29/21 06:00 AM,33046.51,1303.99,411.43,134.56,104.69056582,24728840.2928659,4276468.47597995,121798687.182076,34365697.4623772,10032487.8866879
01/29/21 07:00 AM,32510.92,1303.91,402.74,134.26,106.75042129,18863792.1181296,5574472.74395245,58000023.5521225,9891706.927125,2643238.8464888
01/29/21 08:00 AM,32330.17,1317.32,403.13,134.37,105.7607371,84564484.0712878,17091987.7661602,173832951.713634,100999987.461139,3481647.36684559
01/29/21 09:00 AM,36314.6,1380.15,416.96,140.14,106.57198695,227616557.658242,27198066.6762321,359547724.82249,58332188.9536911,4041508.95985172
01/29/21 10:00 AM,37010.8,1377.34,426.38,140.71,107.2893994,64899058.8050435,6785394.17922456,176821780.632027,49854071.262835,4336652.58717968
01/29/21 11:00 AM,36700,1382.76,423.2,140.64,107.78737259,32011468.6333113,16226296.7405956,78860637.2067147,42702038.6257752,15235434.2266335
01/29/21 12:00 PM,37101.73,1420.58,425.59,141.22,106.89063038,54514046.3924193,8135991.48632913,196063072.300319,16656001.583035,574631.658470226
01/29/21 01:00 PM,37946.69,1424.73,429.03,142.61,106.90040585,46204849.5892516,11197954.3972735,74005860.749429,844190822.654464,5856186.62059044
01/29/21 02:00 PM,38370.46,1428.23,433.03,147.39,105.34362773,74937818.2884881,17201227.8408553,119455184.585461,358332022.144512,1800582.31103207
01/29/21 03:00 PM,37177.93,1398.85,425.59,146.48,104.24972183,44287795.5557084,7727929.74100318,27660449.7354305,349445257.935666,956437.585285804
01/29/21 04:00 PM,37164.97,1400,425.83,144.56,104.01135441,34963278.9970353,6560628.73058397,47173324.0885314,44986545.480254,4653943.10352853
01/29/21 05:00 PM,36051.88,1377,418.1,143.12,103.42309571,33867078.5375139,6574932.66097547,72801206.3836293,28839385.4389935,4643278.32931103
01/29/21 06:00 PM,35761.97,1374.11,411.67,142.13,104.2559127,48840887.2460789,14330155.6823439,80835943.9115904,9120022.0661922,666083.80130555
01/29/21 07:00 PM,35230.39,1353.08,407.5,140.26,104.29719572,63858849.6139165,5192215.92277324,73287755.3202717,32848185.275306,123881.579743912
01/29/21 08:00 PM,34273.25,1348.79,405.88,139.24,104.04039035,27575382.9639052,9975685.78404245,28531018.8259005,20903041.9104537,617371.087115282
01/29/21 09:00 PM,34570.43,1348.99,404.47,139.61,104.898,21685031.2135214,3774638.31479416,19783776.5503488,3942716.1769394,647006.57681874
01/29/21 10:00 PM,34636.81,1373.03,407.02,139.93,104.53495066,15310290.0276363,4958727.79953593,14341103.0565233,15955178.5543488,1392387.73108096
01/29/21 11:00 PM,34509.3,1396.36,408.56,140.01,104.01403856,23109955.241638,12569152.6356735,20442255.7995927,7865246.5248983,1288061.91761723
01/30/21 12:00 AM,34265.71,1380.94,409.58,140.49,104.13018873,19354945.8975167,7050727.05880261,20543098.2644432,2234809.3882743,1287578.34523057
01/30/21 01:00 AM,34268.73,1366.45,404.17,139.45,102.21244878,13561558.7481359,3519060.63744803,29228311.2147708,9801671.1928082,1875003.64451956
01/30/21 02:00 AM,34087.97,1369.82,406.12,139.57,101.67947948,9799744.54553625,5446682.7912481,18721757.6163033,4734404.093276,328165.678044887
01/30/21 03:00 AM,33880.89,1344.09,400.73,140.39,102.01,23404825.0434205,5926887.0883564,106170949.43761,16325610.3535473,775026.6824595
01/30/21 04:00 AM,33271.18,1342.35,395.18,139.34,102.72933875,8669076.94530804,2259738.81795351,14062415.9315593,2567888.4043688,14507.9827110638
01/30/21 05:00 AM,33507.91,1343.4,394.66,138.91,102.64455794,9265558.02240471,4140348.86678031,13416614.4325465,4112532.652228,0
01/30/21 06:00 AM,33505.47,1337.3,395.84,137.4,102.32122111,16062787.4834383,1982202.18968329,14691606.8797459,4906103.2097518,391394.461979804
01/30/21 07:00 AM,33821.93,1345,398.16,138.29,102.47772943,8560302.8051422,1238963.57032502,13531548.4500285,3382497.487259,21118830.4104391
01/30/21 08:00 AM,34021.32,1347.32,400.22,138.66,102.71037553,26101392.6626025,2642921.18107372,39949161.1317625,12046953.699885,1146029.94528961
01/30/21 09:00 AM,33917.03,1342.97,398.22,138.84,103.13993534,6448856.525634,1202106.22681902,5612612.65475609,13237971.8377966,2064349.8004398
01/30/21 10:00 AM,34284.41,1344.91,399,139.6,102.47604047,6105257.16643507,1502094.72437132,55203458.9609805,76067697.47034,1057.55478717121
01/30/21 11:00 AM,34345.93,1354.78,416,139.43,103.40147532,9787730.90620061,7393210.83900451,41520133.069905,12285674.1189245,114179.955148073
01/30/21 12:00 PM,33633.9,1339.02,402.76,137.3,104,16799040.6784961,2269967.55542775,17553672.9605952,9955679.075588,525480.00648
01/30/21 01:00 PM,33771.77,1339.8,400.72,137.36,104.58597984,7534102.97912085,1738623.18427465,27854738.5988163,7071693.6870487,856583.104161787
01/30/21 02:00 PM,34271.8,1369.3,411.26,137.59,103.29762711,9240678.70534802,3307934.66934726,109003668.442592,4061963.8342325,1967262.28055841
01/30/21 03:00 PM,34262.18,1370.43,411.77,137.13,105.87831795,4010313.7885946,6403568.10641868,19996553.6049342,20191397.2695916,150778.263297038
01/30/21 04:00 PM,34258.28,1374.09,412.89,138.01,104.81008009,11353894.1367079,16534108.7042407,143137947.60837,8922282.5723724,2933849.98445373
01/30/21 05:00 PM,33988.9,1358.96,415.56,137.91,105.03782485,6153773.70722517,4342653.86206546,91852869.2914353,4327358.1742146,443996.884510757
01/30/21 06:00 PM,34258.75,1370.98,413.41,139.69,104.90762205,3888190.95164772,3497718.48126203,40345635.9672267,12143034.2898687,263148.252334962
01/30/21 07:00 PM,34363.25,1377.72,415.78,138.92,104.43316673,4947596.01102846,2394670.80359021,10453846.5571942,14251475.5636179,1177047.76887327
01/30/21 08:00 PM,34309.97,1372.79,416,139.61,104.61346903,4323458.68783814,2068896.20216142,18045784.2636713,17533171.409292,1610632.33146277
01/30/21 09:00 PM,34164.09,1379.77,412.47,139.71,104.36153666,7754422.33543453,1495160.58864017,8241349.0296075,27806293.683522,63777.0392768197
01/30/21 10:00 PM,34694.16,1385.95,415.52,140.42,105.1,7057248.34032716,4398434.76491186,6645626.02985865,2623965.4725291,0
01/30/21 11:00 PM,34566.32,1386.84,413.33,140.82,105,7129308.19927656,2485662.82696515,23912144.428848,2402855.0854968,484845.186
01/31/21 12:00 AM,34300.19,1374.46,416.96,139.34,104.95770913,8330844.40403246,1326733.94007936,5500156.68850824,5995262.2991294,121708.911226602
01/31/21 01:00 AM,34113.61,1368.49,411.51,138.82,103.7866624,3800880.83866485,4783140.52698364,9814004.24525204,1596975.3236772,250091.693966204
01/31/21 02:00 AM,34234.95,1375.82,414.98,140.45,104.07138566,5124475.88275136,1006885.73351029,10009760.7768057,9198428.617466,24337.2621322358
01/31/21 03:00 AM,33762.42,1359.42,409.04,137.93,103.96923426,4431952.40239557,1001505.50884932,8369129.40015375,1309552.3421719,13268455.9410222
01/31/21 04:00 AM,33959.55,1355.89,406.85,137.84,104.6016082,3813514.93791033,520674.507784111,13607628.8427973,1384996.6762685,693814.10010796
01/31/21 05:00 AM,34054.58,1362.39,405.1,137.71,103.49363989,3817766.5567143,1149227.19469986,15206983.0398272,8014965.2914474,1769839.79807733
01/31/21 06:00 AM,33753.08,1350.79,401.61,137.97,103.18797902,4611949.33690641,669156.913206231,38123538.2326357,5067515.3837112,993730.87860109
01/31/21 07:00 AM,33672.34,1347.36,400.58,137.08,103.42817347,5827680.74927069,2200178.11032228,8875411.79166509,8008727.1263883,1959411.14848041
01/31/21 08:00 AM,33612.51,1345.79,401.7,136.56,103.20333064,5903051.8673165,1095401.07227637,21786620.7273336,20957282.4624085,1730753.86755448
01/31/21 09:00 AM,33562.82,1348.71,402.42,136.71,103.85,8302944.86613276,1278910.65415347,12933977.2520119,4163605.3612274,2721068.8197865
01/31/21 10:00 AM,33308.3,1340.02,402.44,135.97,104.2559127,5961919.4377895,5333512.25873015,46278467.8664079,2722876.00147,1770334.25554866
01/31/21 11:00 AM,33691.36,1353.21,407.88,137.02,104.63731699,4071820.8448695,5933985.75288571,9152906.30309997,14237594.9143317,228837.267858453
01/31/21 12:00 PM,33572.81,1354.34,408.44,137.58,103.93487366,7193618.848661,3477399.09455346,13361938.0999867,27242398.864467,13607442.8812188
01/31/21 01:00 PM,34032.17,1360.79,410.91,137.82,103.223527,4086079.71020845,2574185.93848069,10134559.029534,6184498.07142,1024975.56347503
01/31/21 02:00 PM,33704.03,1348.8,408.37,137.23,100.72164336,5606574.59451794,3224268.44995209,8409582.94299107,5894494.546879,1371021.26290302
01/31/21 03:00 PM,33359.61,1331.18,401.94,135.98,102.37116827,19868878.5434157,7625410.17744841,67089605.1443784,32759043.3133509,753604.286464608
01/31/21 04:00 PM,32914.89,1312.77,396.62,134.7,101.18828888,4832287.78481823,2638268.65214913,30768011.5652542,3489441.0401214,419161.330676551
01/31/21 05:00 PM,32951.95,1314.23,399.02,134.6,100.4,13745451.6818815,2346069.44269274,17316217.3400865,6751386.5020727,91987.939816
01/31/21 06:00 PM,32304.42,1289.89,392.64,133.6,101.04049046,10079903.7490493,2212496.9893659,16512448.6897026,15349699.627928,3156449.83570541
01/31/21 07:00 PM,32489.13,1288.1,391.76,132.37,101.71004988,6204135.8847776,1735268.8824664,11526540.185011,6122236.4552988,600303.046098627
01/31/21 08:00 PM,32835,1306.2,395.91,134.41,101.89315482,3742703.05648334,2489154.8944435,13281098.068974,5427355.0248636,812186.098314979
01/31/21 09:00 PM,32897.71,1311.95,397.13,135.63,102.40241268,2254298.30033311,2519355.94446015,12449178.1259698,9739244.971075,11264.2653948
01/31/21 10:00 PM,32613.44,1296.84,398.92,135.6,101.66,5931702.41152427,2257628.54005632,12002584.863848,7092305.4927495,738074.6483552
01/31/21 11:00 PM,32995.48,1311.84,399.99,136.78,100.24647951,10460473.7828051,2910343.58945463,13493566.7829589,21198509.1681258,0
02/01/21 12:00 AM,33110.32,1313.19,399.81,137.76,100.6935122,11489325.3784355,6845638.29379991,29100567.7802317,12846412.6181244,289593.723455881
02/01/21 01:00 AM,32589.7,1281.45,392.14,137.27,102.41635437,13375590.5533925,2224728.01380631,12731558.5363069,22388056.87668,2658793.30706443
02/01/21 02:00 AM,33451,1314.79,398.44,140.34,102.14233931,10226133.1954296,2867830.14708914,21676912.3334457,5127995.3102608,778736.862830845
02/01/21 03:00 AM,33710.16,1320.05,400.52,140.77,102.566,6691453.52523568,4108238.60401183,13183927.7338175,12220952.6692997,2460160.49058864
02/01/21 04:00 AM,33585,1318.58,401.81,140.94,103.3364153,7202513.04535636,1105997.04169471,23913564.9226236,17879393.121465,12755796.4191537
02/01/21 05:00 AM,33594.25,1317.17,405.45,141,104.69943052,10013146.0476717,920052.265989571,22803999.887493,9233172.356226,2189404.01365958
02/01/21 06:00 AM,33794.27,1321.44,411.5,141.68,103.67499417,31039110.4030054,10971118.3587207,68886054.9298209,13481733.5651205,3122790.4581433
02/01/21 07:00 AM,33568.74,1311.1,408.8,141.98,104.18136691,9963234.612323,2354604.49028678,13751831.865721,11661193.2136714,827926.638079945
02/01/21 08:00 AM,33813.67,1317.57,411.22,143.14,104.98879604,14263884.1209892,3164639.4842895,39588048.7614342,46768093.0802432,12799860.9607074
02/01/21 09:00 AM,34477.93,1334.11,417,145.16,104.86047563,22002258.5776305,3155252.25010973,39842102.7271875,47312627.191788,43462.3423918903
02/01/21 10:00 AM,34367.02,1330.17,414.88,142.53,105.13694006,15386660.3089826,3640140.8157313,23829870.7662355,14391870.5424429,2726194.11858068
02/01/21 11:00 AM,34174.76,1324.95,413.69,142.68,104.79426593,12511659.3946016,4047641.19592292,184712605.694057,8349670.0229649,7774994.07772973
02/01/21 12:00 PM,34191.24,1336.68,432.17,141.92,103.51936527,21646507.8087873,4010054.30819043,170534788.754272,6779193.5177538,893592.33074429
02/01/21 01:00 PM,33784.12,1330.74,420.22,141,103.25625895,19129101.3503133,3846551.64483486,63031106.9140358,31701871.5758738,3933676.81570542
02/01/21 02:00 PM,33692.55,1327,412.15,140.26,101.8934514,16771488.0357923,3735686.27085498,95703153.6560963,16053171.7203648,8183.37283802626
02/01/21 03:00 PM,33500,1313.13,409.59,141.12,102.24614292,8839671.63452877,3176661.44715602,79914082.2187983,3955069.0754875,1329441.93286059
02/01/21 04:00 PM,33148.89,1301.23,407.78,141.32,101.7125758,7340224.34088463,1311179.34302239,33600778.4164534,34611406.453662,59016.4773114021
02/01/21 05:00 PM,33422.11,1308.54,406.72,139.93,103.343,9741659.57559964,2315257.54491141,30819708.7148352,25709780.1835085,1430062.75095006
02/01/21 06:00 PM,34008.1,1320.72,409.53,141.58,103.30767783,6775076.19659061,1733550.56944291,18262340.9787426,13746848.0164785,2117253.89673795
02/01/21 07:00 PM,33731.47,1325.98,406.11,141.39,103.33923502,6995205.73346947,1552359.70074708,6254142.5177772,11190502.3078555,50310.9235818805
02/01/21 08:00 PM,33855.3,1334.56,407.5,143.29,103.73540501,6293195.12007033,1850898.71868628,12625181.4799421,16682501.4719067,16593.0433893068
02/01/21 09:00 PM,33816.02,1336,408.46,143.62,103.0555061,6527284.383897,2782352.2605284,9885449.3565282,39358913.026034,1667111.34606313
02/01/21 10:00 PM,33666.48,1349.88,411.53,145.32,102.90993839,4468417.56344605,2866593.54042039,19154422.1605003,25867186.243758,195595.487282225
02/01/21 11:00 PM,33542.06,1361.66,412.51,145.78,103.98663089,3854948.93894902,5934126.70784175,23741588.2259418,27413529.1979235,3127269.707461
02/02/21 12:00 AM,33497.16,1375.65,413.12,143.77,105.0478881,10112772.3413241,8249404.03754961,23218744.3142262,27927981.900028,2119911.05767433
02/02/21 01:00 AM,33740.44,1381.34,415.72,144.54,103.84010559,6058662.50322111,2371954.72053556,12714889.1072625,1782352.9740996,1090713.11755441
02/02/21 02:00 AM,33768.36,1382.47,418.25,143.64,105.62,3460812.9755269,3464471.3710179,59899854.4419489,5008782.2548345,1801677.1947994
02/02/21 03:00 AM,33689.87,1374.67,414.11,143.39,106.70949887,3931241.32526496,3348671.99095626,14476201.5097655,18022761.6093864,4714232.57777516
02/02/21 04:00 AM,33586.68,1370.07,412.37,144.89,107.09203927,4918986.99673648,2536146.84826437,3995105.49055119,2889291.7421984,222123.939090259
02/02/21 05:00 AM,33903.27,1382.39,414.92,145.75,105.88398451,6145761.31484668,1723319.51751574,29928372.7164525,4766665.2408447,2804667.09376987
02/02/21 06:00 AM,34035.14,1389.34,416.6,144.98,105.97587948,7590596.29720176,8072342.07873975,9004786.09420401,3991670.4797868,0
02/02/21 07:00 AM,34330.93,1409.23,415.65,146.66,105.79223579,12584952.5130498,10142525.7345971,30848873.964432,30516104.034648,1200010.28799457
02/02/21 08:00 AM,34240.85,1418.31,422.26,146.38,105.94454765,11635336.1431715,13218668.858903,61822431.3554796,8747652.3095598,642156.252775096
02/02/21 09:00 AM,34694.53,1453.97,423.14,144.86,107.13797536,31391960.2693573,9905758.5974854,56231507.054481,16598004.4206365,0
02/02/21 10:00 AM,35341.02,1437.83,426.49,146.95,106.53132712,15063201.2465601,10089565.9480656,38631798.0894691,8877982.1464002,320803.981218441
02/02/21 11:00 AM,35183.46,1440.96,426.7,145.36,106.62953932,11122963.0575321,6064954.42873456,56993265.1325229,4167535.5820365,25324.8258804594
02/02/21 12:00 PM,34740.49,1420.21,421.45,144.4,106.85707721,10912452.5208224,3738080.5427718,20616519.6225668,12119138.5740273,7904069.82785759
02/02/21 01:00 PM,34800.88,1426.67,423.45,145,107.4110198,14150114.6364884,3178422.95718593,66881833.6069401,17298555.796653,2270129.27297713
02/02/21 02:00 PM,34852.5,1427.98,426.05,147.2,106.80592198,12189546.3803068,8519333.22297952,6314376.2833773,7264183.594196,3637040.92536104
02/02/21 03:00 PM,34827.61,1431.95,424.13,146.74,107.37528523,13939896.977508,6259512.89099212,35277090.7113324,32774063.1129756,601776.196048717
02/02/21 04:00 PM,34739.65,1430.38,425.44,147.26,107.37528523,11238688.6292024,17511475.8377191,45359181.9339018,10238056.5505176,0
02/02/21 05:00 PM,35015.91,1497,430.29,147.15,107.09750339,5160548.7874175,8810149.25709357,27862779.7068705,17573431.264775,1746199.73731303
02/02/21 06:00 PM,34862.73,1473.94,427.15,147.06,106.85,14566295.0084809,8274219.24315227,17981502.905367,22576906.4256822,2318167.5952685
02/02/21 07:00 PM,35313.95,1492.25,427.16,148.13,107.24512071,17337992.2581328,11393108.0437915,15274531.2516432,14943563.3871124,280191.610592582
02/02/21 08:00 PM,35801.23,1517.3,429.42,148.38,108.20228486,11762627.2449938,17702460.197326,34930892.7346261,18328900.7609666,3248876.63530119
02/02/21 09:00 PM,35838.87,1534.04,429.88,148.91,107.81060993,6105860.40442887,6399557.33121311,60459292.0914653,11434980.1586352,4005830.9826154
02/02/21 10:00 PM,35667.11,1522.54,427.35,149.64,108.38321261,6342149.00353655,7677238.7233094,15246509.0120219,101757921.204212,3226071.60475905
02/02/21 11:00 PM,35603.66,1536.71,431.78,150.72,109.37410197,4443492.20483217,5784593.21806583,20916256.0532865,21913939.416228,5101500.37988738
02/03/21 12:00 AM,35496.91,1513.62,430.74,152.31,111,13629319.2911131,3496554.84522706,27552283.2629343,30642378.2652237,10171737.57495
02/03/21 01:00 AM,36148.18,1520.02,434.73,152.1,112.708282,10245528.798594,3400203.46544293,13333760.5554029,22337796.899538,818464.531106981
02/03/21 02:00 AM,35890.54,1519.97,433,153.69,110.68093991,7101324.89853126,2749754.77888876,85544278.9152347,38362973.1982602,35488.1621386643
02/03/21 03:00 AM,35919.09,1531.67,437.89,154.14,111.35055079,10304190.8896078,4321882.15293864,37158550.7966037,5457622.5055088,0
02/03/21 04:00 AM,36442.95,1542,440.47,154.85,111.57157404,17569657.2741857,5673601.14056302,34262445.2979605,41242548.1495266,15985921.8954218
02/03/21 05:00 AM,36669.6,1555.64,439.54,154.77,112.76905353,5775163.85173673,3172037.71971274,9756180.02876424,18017683.5023964,1606397.21542086
02/03/21 06:00 AM,36509.53,1545.14,438.21,155.34,113.77570209,5158464.17336097,5304124.10410517,17563549.8531683,33447499.4967335,6647123.0256873
02/03/21 07:00 AM,36560.82,1566.42,442.98,155.25,114.75951091,5747792.99410583,7260281.04325905,19587073.8895744,4277664.6211706,2358975.64528207
02/03/21 08:00 AM,36331.56,1549.93,437.61,153.28,116.71112727,13083698.8230011,10387004.930247,20533124.6487951,22829520.975725,16247647.4864535
02/03/21 09:00 AM,36079.15,1529.95,434.74,152.61,115.03852858,11198127.0313807,7960325.78036878,32538238.797617,13946241.087456,14943776.7975182
02/03/21 10:00 AM,35871.56,1530.52,434.05,152.3,117.53780189,7612865.78270116,5939426.1032786,6319858.46514126,3071485.5308592,14065981.1949333
02/03/21 11:00 AM,36047.97,1550.37,438.93,153.54,117.44644628,7509151.04009567,3935877.05401004,45959627.0585267,4446836.9246301,3712979.19909699
02/03/21 12:00 PM,35987.73,1538.97,432.23,153.19,116.70455827,18772535.9049419,5937139.43781486,14392848.0396408,16990912.010218,6005412.55150066
02/03/21 01:00 PM,36243.88,1540.21,432.34,153.81,115.65954862,34801153.4527145,6915995.67364142,8294835.36687216,8389346.9561298,9693423.91652113
02/03/21 02:00 PM,36600,1553.6,437.98,154.6,116.27068668,14600911.1497697,4427238.26298504,30455650.3742568,27337049.6167461,13897274.0169944
02/03/21 03:00 PM,36619.58,1559.09,435.97,154.34,114.7,25055877.0341354,13145537.8930641,74590547.2518723,20126002.412817,2706117.668912
02/03/21 04:00 PM,36917.62,1600.17,441.7,154.57,115.27707904,25786824.7209056,19393746.8648112,88275830.217267,4932907.355503,4622631.18593641
02/03/21 05:00 PM,37220.7,1610.78,446.59,153.52,113.85430548,11184846.473535,14457694.2082386,66928440.2123135,10740828.253915,510347.890456057
02/03/21 06:00 PM,37250,1643.75,449.11,154.2,113.90000001,12471461.8034647,7818561.75993516,24056820.4527582,43624665.5558265,281426.712388708
02/03/21 07:00 PM,37200.82,1650.71,447,153.87,116.01325424,10796111.0715479,5334681.92961646,18562767.080511,6150138.6093564,28892316.3847552
02/03/21 08:00 PM,36865.93,1619.14,441,152.81,114.50507431,8840595.58042241,8693058.72137154,32971209.0971857,6523026.8801523,3814085.54463322
02/03/21 09:00 PM,37107.53,1637.5,444.95,152.82,115.9,16403146.8528314,7290696.52976989,11387718.7343476,40441521.0358368,5529939.850162
02/03/21 10:00 PM,37306.19,1633.83,445.64,152.2,116.80001468,12114191.6526159,3546858.1716166,11785080.0253021,4493333.0229825,5927125.48691827
02/03/21 11:00 PM,37325.87,1638.22,445.87,153.78,115.98653156,16308881.3033602,7934681.12538651,25334262.6909415,24783164.2813272,3293342.24939416
02/04/21 12:00 AM,37693,1669.23,448.6,154.94,116.57481783,22174657.4929754,9801894.83909662,57086244.8470976,16138074.648949,1684433.60227807
02/04/21 01:00 AM,38137.21,1680,452.25,154.61,117.76318096,14170240.6897406,7157413.85445703,25306513.6443897,236262182.922033,1505005.93820022
02/04/21 02:00 AM,38232.13,1695.99,454.69,154.67,118.3554747,17758342.5991999,6778570.97324399,72939523.2171114,17578015.2529814,15162.3612674809
02/04/21 03:00 AM,37952.44,1679.67,446.38,152.83,114.91786074,15216795.9126834,6464128.89880303,47459388.6193761,17698945.95864,6842394.47494486
02/04/21 04:00 AM,37537.59,1647.15,436.03,150.56,114.2197816,10976462.3794953,6240917.88069624,25624877.6601184,4790698.8856819,3723288.66588875
02/04/21 05:00 AM,37730.86,1665.06,439.4,151.5,113.45111445,10297859.6084018,3755195.0436422,11010973.8420199,7177186.310147,5409744.4675949
02/04/21 06:00 AM,37639.78,1656.7,437.74,151.5,114.03082128,11154612.5820326,3666567.11685712,24798398.8426089,59428633.3808175,561320.355333999
02/04/21 07:00 AM,38165.79,1680,441.44,153.72,115.00076571,12252814.0109738,3374895.0047886,19890221.462249,8829830.8849566,141096.178261177
02/04/21 08:00 AM,37892.44,1665.46,436.58,151.86,115.8,39353860.5528058,8981411.7731467,39164230.0251646,103458269.702041,3946769.639046
02/04/21 09:00 AM,37400,1642.58,430.77,150.61,115.43834459,32861810.2834944,16625146.8351559,175985602.576146,144230171.784041,5307589.20665294
02/04/21 10:00 AM,37586.26,1647.94,428.39,150.22,111.5,16556315.7834976,4331955.31773287,63321779.2926178,451017001.129053,8907471.60578
02/04/21 11:00 AM,37660,1642.06,427.02,152.22,112.44245212,16208011.1299638,4317066.8784276,25904871.1278209,5471407.24527,1206442.41831207
02/04/21 12:00 PM,37372.59,1614.48,425.61,150.55,112.93770452,21191348.0714788,7133011.62844375,31102562.453845,78694594.367175,567103.379185588
02/04/21 01:00 PM,37666.17,1637.15,428.95,151.53,112.53459426,20777883.8241059,4244063.52377865,9026553.05099982,40481707.1598771,556230.456931636
02/04/21 02:00 PM,37627.59,1633.1,428.44,151.54,113.2547222,20082916.0459021,8739892.06258482,26782223.6197757,13887888.8730168,24428853.3140043
02/04/21 03:00 PM,36829.98,1591.61,419.48,150,113.34227167,36751250.2572076,15942492.7204065,62048145.899633,27791367.6704048,8518612.67107226
02/04/21 04:00 PM,36622.69,1583.94,418.67,149.17,111.18800939,31444524.9356531,8972015.61270713,52183421.8927481,6539016.8184294,51736642.3606042
02/04/21 05:00 PM,37000.01,1633.27,424.18,151.11,111.80365418,22480307.275944,7327544.9874447,20656746.7932762,3966269.9467398,71481.9256844607
02/04/21 06:00 PM,36944.58,1636.58,423.2,151.13,112.6114424,17224080.20736,5169493.89053508,30103356.2840637,33906083.288695,2917000.33748578
02/04/21 07:00 PM,37200,1656,425.11,150.33,112.84,13310785.1395192,3854166.98994189,15795233.0867406,20422975.098435,4225431.4580296
02/04/21 08:00 PM,37521.04,1656,425.11,150.8,113.69431294,13269559.1572637,12331623.6543997,30654720.4632286,3061858.60187,1424736.65238161
02/04/21 09:00 PM,37700,1660.45,426.13,151.62,113.43341044,10334884.8207484,3332876.02707016,48027605.0460131,40357574.0440002,17839.6475045485
02/04/21 10:00 PM,37702.38,1642.04,428.99,150.93,113.00000011,8786291.72583669,3422982.90921376,20078456.7882564,20220299.3464053,3968328.69625298
02/04/21 11:00 PM,37298.4,1628.02,425.94,149.54,110.98333973,5787777.91866728,3203954.69910462,35363580.9196189,2056906.434595,33181.781155141
02/05/21 12:00 AM,36984.28,1598.15,423.24,148.45,112.3,3583455.94130128,3100785.86420875,22602869.1833863,21686000.460804,1038054.176621
02/05/21 01:00 AM,37024.38,1617.87,425.56,149.06,112.12293019,6395877.24729219,5724537.02733282,51762174.5916116,1562249.9782245,99663.9781895551
02/05/21 02:00 AM,36685.1,1600.83,425.76,148.86,112.85955481,5007511.00657906,1871478.83131303,16467890.9238664,2081900.8708683,7369845.02433125
02/05/21 03:00 AM,36977.26,1618.84,428,149.59,113.19839998,6818356.24510577,5521625.7422508,18778947.1843349,4286957.1107822,1113430.75487566
02/05/21 04:00 AM,37413.13,1642.45,429.86,150.36,113.7184011,5181852.54215454,1529003.22493798,35275336.1689017,781164.4260069,0
02/05/21 05:00 AM,37302.24,1636.36,428.55,150.16,113.12358121,3629887.91249583,1626637.0355629,20585016.8531634,9179304.6125508,1755627.99898731
02/05/21 06:00 AM,37094.46,1635.44,428.19,150.64,113.43643631,8505640.26254931,6026081.02124268,25921704.6777949,948393.6076308,6847522.95368007
02/05/21 07:00 AM,37430.83,1650,431.97,151.27,114.89855347,5755755.00427362,5936652.54019241,31575201.321099,13652012.9534084,740085.296812721
02/05/21 08:00 AM,37714.98,1666.52,436.88,151.85,114.83850312,9644117.22287294,5260479.7447036,90844886.8233942,30458102.2666363,1280718.58196173
02/05/21 09:00 AM,37766.09,1670,436.28,151.26,114.1,7061796.66873047,4293204.93113403,19797019.5547092,9087355.9098205,1669863.565902
02/05/21 10:00 AM,37297.06,1656.5,432.58,149.92,114.93724208,5741309.21947291,4406942.9899022,17915055.5371487,5408874.7209545,1694588.25798423
02/05/21 11:00 AM,37427.27,1645.1,434.87,149.91,114.63406812,3823474.96131931,2563977.43351152,17626043.4571239,4098109.9582712,4820409.93468197
02/05/21 12:00 PM,37749.62,1665.29,437.12,151.96,117.79397129,16846139.2990717,5117727.30802216,45984766.0103916,9685287.6916361,23976700.6231406
02/05/21 01:00 PM,37885,1663.49,436.72,151.8,118.35071811,11797991.2147777,11763962.8624277,73299305.5127177,5196586.572076,3961263.39488575
02/05/21 02:00 PM,38335.74,1720.84,439.14,152.74,120.06629382,16758403.5086969,11030861.4537536,38819990.29194,13007562.8053151,933503.946507507
02/05/21 03:00 PM,38158.75,1740.1,440.05,153.95,121.9,10965220.14658,7017997.40717826,65114992.052385,22811666.4449152,2235097.946133
02/05/21 04:00 PM,38000,1746.57,439.54,153.07,120.79686313,9914277.28945567,13884401.8406224,64429914.3065234,331854736.065161,6950438.68096283
02/05/21 05:00 PM,37843.25,1725.02,432.58,152.11,119.62162479,3059820.03966461,3608755.50628483,25838958.7194269,12571375.5288824,7485941.11860467
02/05/21 06:00 PM,37952.04,1728.67,435.83,152.56,118.44799955,19404738.7295484,10526329.646264,28535058.7973991,2594853.14934,712938.877664729
02/05/21 07:00 PM,37423.85,1684.87,431.34,151.54,118.23524182,11233575.1000368,7577850.56848728,52591628.8031724,22173490.0597318,19705210.4012012
02/05/21 08:00 PM,37665.76,1711,434.34,152.15,117.70569301,4920817.47674553,4497519.38738283,5460644.01653388,3145787.667585,2515270.62037815
02/05/21 09:00 PM,37776.49,1721.43,433.79,153.15,118.22066229,5015389.81991829,3656069.64724993,34790310.2628342,4530733.7395684,2973885.20614514
02/05/21 10:00 PM,37861.99,1720.69,437.88,153.16,119.63241534,7940034.3850169,2201254.06010248,28497115.8223351,12654316.6011156,1349409.54374161
02/05/21 11:00 PM,37829.43,1701.54,443.74,154.41,120.33917192,7477521.2396128,2533699.97933405,13663209.7080522,6683972.1980024,613312.937544561
02/06/21 12:00 AM,38320,1721.72,448.76,155.18,120.07125495,15280981.6983929,6341444.3743997,52769687.2282716,11849179.3728164,298207.607185789
02/06/21 01:00 AM,38779.87,1728.97,453.97,156.15,119.48136518,34088286.3928447,12471314.0372071,241035377.274699,13581407.31416,1457436.21352245
02/06/21 02:00 AM,38858.47,1673.97,466.19,153.4,120.64219241,12319430.7414081,5278577.53997079,141376891.603694,3734289.089346,6305395.96466855
02/06/21 03:00 AM,39424.91,1680.18,475.72,157.07,118.11840409,11183482.1429013,4424777.36571491,95528455.4594353,28638943.0103502,290501.194412253
02/06/21 04:00 AM,39372,1682.21,473.24,156.42,118.88088703,7169632.91540629,4805281.60541705,46280564.5831274,4291587.9139584,2609656.8467299
02/06/21 05:00 AM,39215.59,1672.85,465.87,155.02,118.4909135,4745934.61163245,2856645.07174884,56381503.6631351,7484390.138253,538731.107244566
02/06/21 06:00 AM,39048.54,1661.58,469.69,156.32,117.53673969,6843122.26093026,2745860.33418068,38587829.7175617,18195008.1020086,1057601.34655697
02/06/21 07:00 AM,39287.5,1680.34,475.95,156.41,118.12736971,5794030.33540684,2298771.93435948,43989806.5269933,20750713.043346,343907.475295948
02/06/21 08:00 AM,39378.81,1674.84,477.85,157.36,119.78555933,15198348.0999539,4751564.44186269,53915061.8582553,2540902.4843282,583145.283778549
02/06/21 09:00 AM,39453.12,1702.96,475.65,156.9,119.7247871,13560285.34006,4576255.21147889,172301451.075204,5819695.0118882,1756645.2658509
02/06/21 10:00 AM,39935.04,1697.65,487.33,157.1,120.15270646,27274942.8828497,12645909.5534144,82803484.4309135,909452.0286224,1942163.83370178
02/06/21 11:00 AM,40051.98,1694.65,482.7,156.66,119.4583075,26945870.5955951,6484743.97663424,81805532.3645666,10329241.268906,1512027.91995338
02/06/21 12:00 PM,40215.3,1680.04,479.14,156.37,117.97449966,9996029.83708091,5079852.45862614,55849241.8046145,2814790.134555,2291219.35122716
02/06/21 01:00 PM,39963.98,1676.56,472.52,155.88,117.08387433,7222485.97952407,5706926.62958525,64554845.3399972,10865178.7354017,7914159.69148889
02/06/21 02:00 PM,40183.29,1681.76,481.88,155.51,117.27292388,11174688.8431394,2847269.6037241,27744053.8695847,4906351.230396,532216.858367095
02/06/21 03:00 PM,40336.65,1689.58,479.69,155.21,117.95329704,18375016.1978104,3394374.63084459,35554166.8922646,1239913.0573952,2166488.64348297
02/06/21 04:00 PM,40938.98,1677.54,479.29,155.97,118.87850974,28114209.5499897,5644402.77698755,83349678.8337683,4353698.2804143,2806807.65803796
02/06/21 05:00 PM,40659.76,1696.31,475.91,155.92,119.08757001,11734557.396511,3019479.05507096,57314133.5226624,10862834.4184152,7597103.15866575
02/06/21 06:00 PM,40248.82,1707.85,468.74,155.04,118.0791021,10466378.3441063,2302388.40208861,46476464.136966,13987012.9392126,1627844.02056783
02/06/21 07:00 PM,40383.43,1712,465.26,153.97,118.42260884,9004408.87314342,5086207.29964359,66145671.9164079,5704823.1024554,13270978.6325367
02/06/21 08:00 PM,40214.34,1710.66,467.1,154.46,119.41983136,23578658.8776181,7966472.15207789,76969513.1243306,7393441.0086075,15054158.7844717
02/06/21 09:00 PM,40160.92,1698.4,464.09,153.86,121.1573314,6816335.27421771,4137325.56092943,26465137.821504,4344383.6449802,2223553.26030597
02/06/21 10:00 PM,40084.17,1713.91,464.84,154.43,121.35345642,6453681.4549305,2545814.18232826,36506450.7710637,2001835.0304096,6485679.44947607
02/06/21 11:00 PM,40033.88,1705.14,461.57,153.64,120.41545837,20690705.4499206,10590562.1861825,47865917.8647836,18311434.9459727,6811860.83912124
02/07/21 12:00 AM,39274.8,1680.03,458.17,152.23,118.83520522,19062236.671247,6541691.65338838,57083672.6027334,11289272.0263883,0
02/07/21 01:00 AM,39628.31,1685.88,459.86,153.21,120.33917192,12569065.7537668,5538956.78180336,83092863.9246424,26689977.779456,237161.367760877
02/07/21 02:00 AM,38690.2,1644.78,448.6,150.07,118.96054911,7969199.41915472,5692263.36780396,107913288.110685,12522722.4820785,6724488.43648465
02/07/21 03:00 AM,38779.78,1629.88,450.25,149.55,116,5261277.54418325,2241531.75646419,89848438.9233657,11325415.2635601,1789221.02372
02/07/21 04:00 AM,38812.81,1624.97,448.81,150.06,116.10850228,9867146.01541418,3799951.49132818,171900210.700068,24220776.1267184,1505975.71736092
02/07/21 05:00 AM,38364.73,1609.1,445.86,149.46,116.01283376,6427864.20310959,2224191.80151756,63811827.5401668,5589918.2450604,26867050.3763354
02/07/21 06:00 AM,38561.92,1615.97,445.88,151.75,114.07084934,5363418.95919682,1975090.86900183,85216294.4141757,4765382.8566912,597574.419093676
02/07/21 07:00 AM,38588.12,1612.51,447.36,152.58,116,11522604.7707584,3264404.04915437,43414789.0600665,26921382.4014408,440362.15568
02/07/21 08:00 AM,39080.76,1633.48,456.29,153.95,117.12026746,11441854.9054861,3524538.76399979,23789678.6654158,13603792.3501326,166139.416445069
02/07/21 09:00 AM,39525.59,1641.73,456.45,154.06,117.25905179,7149232.2993388,2172175.40903309,16309023.6473522,15492143.3906973,1010554.14013041
02/07/21 10:00 AM,39569.72,1635.96,456.46,154.96,117.45568306,2945173.71147604,5027457.61877814,23056115.987529,13302862.6323996,11481725.5860791
02/07/21 11:00 AM,39357.69,1637.68,458.75,154.83,118.25391353,9966002.37392118,4645855.32485543,17469621.5862723,14600206.2764441,4493759.2377952
02/07/21 12:00 PM,39088.2,1626.88,456.21,153.55,117.54452356,9837020.43938002,2460773.73667194,40189197.6301494,24520119.6806102,6092876.5992748
02/07/21 01:00 PM,38881.28,1619.21,458.62,153.43,118.98089999,9919522.14860142,8248059.78361215,60568951.2379737,2733418347.8745,17218919.0602269
02/07/21 02:00 PM,38678.42,1585.55,456.99,155.46,119.72357146,10309952.8425298,13084408.1906945,185195175.480689,183623258.603407,2272350.81824019
02/07/21 03:00 PM,38265.01,1572.59,452,153.11,118.36339906,21878310.5339211,9001901.76079883,219103761.887281,32913229.9729296,6502836.64968817
02/07/21 04:00 PM,37976.26,1539.27,438.93,149.8,115.00132534,31940861.6920279,10901425.4920868,100149230.194275,70856790.0697356,4417104.04989317
02/07/21 05:00 PM,38234.37,1557.38,441.98,150.01,114.13379228,5722320.68135492,7400710.05460159,26183162.9295679,139005053.260788,660272.14776461
02/07/21 06:00 PM,37909.33,1558.61,441.12,148.5,115.5,5688774.04496787,7116714.45967781,39696891.331875,29167446.5002844,4614353.862195
02/07/21 07:00 PM,38321.26,1584.52,445.1,148.96,116.80001468,5031034.34347113,5540061.66438145,22848683.7933264,8330030.066349,4769454.12309644
02/07/21 08:00 PM,38141.94,1568.69,441.83,148.77,117.44817387,7643292.79311293,4367341.67258604,16855098.0905954,16992460.1247202,438127.101046009
02/07/21 09:00 PM,38505.05,1584.41,443.17,148.95,117.25533508,3958026.32950771,4978932.08774812,8351448.51311244,16020609.9399164,3366870.46302722
02/07/21 10:00 PM,38568.7,1599.89,444.01,149.16,117.40749104,3509924.78516556,1656647.47824853,14758055.294933,12306245.069547,525176.470790271
02/07/21 11:00 PM,38834.71,1602.75,444.44,151.6,116.80001468,6064295.17103395,6001468.62938956,19380133.3792023,18237216.8945369,1635875.82936492
02/08/21 12:00 AM,38870.36,1615.77,445.91,150.22,118.3783607,6858506.25447594,6531495.41266274,30255657.0961029,3401551.094133,240877.461481915
02/08/21 01:00 AM,38784.31,1599.3,446.22,149.14,117.76324559,5760226.30360449,2792351.01741787,19754371.2048516,10200136.2097004,229336.440465165
02/08/21 02:00 AM,38597.9,1596.86,443.98,149.92,116.35525105,5864464.71748556,3846178.81207777,22435993.6074871,15547560.7132284,11643199.227153
02/08/21 03:00 AM,38307.55,1573.89,438.62,148.34,116.30657513,5124806.45315646,4067493.03051114,36756608.5035347,5609652.184675,868578.457947822
02/08/21 04:00 AM,38097.75,1582.52,439.96,149.39,116.25231799,6587907.59004807,3572346.6974556,12034193.791446,21608107.5528784,17437.8476985
02/08/21 05:00 AM,38632.88,1620.36,447.55,150.43,117.8165618,4415146.66683165,1257479.19771857,10419826.1421764,10408339.1839728,523289.516734907
02/08/21 06:00 AM,38717.1,1610.72,447.77,151.41,117.95329704,7371388.59843909,4271660.26950135,23682612.8400484,7225702.6798494,1375158.8449896
02/08/21 07:00 AM,39077,1635,449.62,152.24,118.89627696,10091957.2706477,3828965.75128411,12426952.0497278,17049953.829325,831564.440643757
02/08/21 08:00 AM,39320.37,1642.24,451.06,152.89,118.92366252,6983949.33992553,3655980.25098243,20367288.4171216,31809115.210402,888630.31154587
02/08/21 09:00 AM,39222.23,1635.84,449.13,151.76,118.64032989,5329333.9204241,5866683.67597921,19673302.610304,15852406.7767345,628770.810495619
02/08/21 10:00 AM,38991.55,1629.88,448.23,150.81,118.22865706,8654529.19349104,1951709.719344,57960677.8326072,3157923.78272,988204.978643595
02/08/21 11:00 AM,39476,1650.5,452.89,152.16,119.19009535,7422924.75219695,6816462.85485782,51925908.9791613,10008016.6429199,30899.8164854149
02/08/21 12:00 PM,39492.25,1664.37,454.89,153.93,119.53229578,89319562.6550076,13002768.2310973,129362202.195134,82928671.7205492,8336984.81525735
02/08/21 01:00 PM,43200.13,1724.04,467.96,160.26,119.35755676,190124963.63503,36141895.42663,260455257.850458,62667134.441656,14953920.5045007
02/08/21 02:00 PM,43000,1688,468.26,158.5,119.83109519,77470114.4633848,13396229.2595235,156456450.031043,87583313.0256084,6880820.49845861
02/08/21 03:00 PM,43658.9,1713.48,471.53,158.62,120.5436009,47395765.8927484,16024101.9564105,86371277.4420691,16660651.1082947,3240166.31460531
02/08/21 04:00 PM,43872.67,1738.52,477.66,158.7,121.89502686,49172701.4445887,16469215.5847508,75762486.5216561,88566162.8559396,9631829.23146901
02/08/21 05:00 PM,43263.73,1717.2,469.02,156.91,122.02333172,30661638.4188903,6610437.57980404,57309682.3125368,43585024.8577074,7469425.89441154
02/08/21 06:00 PM,43153.42,1711,472.08,156.66,123.49071598,31022976.0753004,8568875.6038828,90890296.3931813,73415729.2123242,2353157.23406833
02/08/21 07:00 PM,42696.34,1698.44,471.55,155.3,123.00591662,17978822.0563193,2552041.59503877,30649943.686819,11571269.3263734,17928353.4943142
02/08/21 08:00 PM,43069.42,1697.75,474.83,156.86,124.63802059,44324574.6560352,6390542.83783994,63868777.5679245,18490640.4526348,18979893.9260399
02/08/21 09:00 PM,44223,1723.4,476.99,158.12,124.16889017,37871190.5786198,3161951.18392843,38568053.0737043,30836434.4225993,1686440.16280863
02/08/21 10:00 PM,44708.2,1700.25,476.86,160.28,123.16634467,46817108.1729287,6289570.20912555,67470005.034474,135245919.921494,14585793.2637515
02/08/21 11:00 PM,44691.2,1714.4,478.73,161.54,122.64001534,81780355.1361705,8611024.06311879,89234611.9000853,70810776.7146228,12422.5885642363
02/09/21 12:00 AM,46445.51,1754.07,485.44,163.48,124.50913601,32125566.7673839,3339907.29176734,15279569.6636759,32764850.100126,25587335.8970782
02/24/21 11:10 PM,50063.6999209484,1594.03718339739,523.421148378784,201.014536263533,233.805141720696,171611,5250561,16163564,41754597,35876473
2021-03-02 14:47,47822.22527167864,1494.3781186838676,513.4548719011284,215.42089675633366,214.36029651931,175146,5461201,16207978,38248942,38506729
2021-03-05 21:51,48654.449984832,1533.968468179288,496.3292676026669,203.49195154834916,208.52743499539085,127616,4085271,12484575,29883170,30181579
2021-03-05 22:15,48684.03525683749,1534.3210088165654,495.9321769823724,202.86488357941664,208.61523592831097,119273,3808668,11700183,27902495,28132588
2021-03-06 04:45,48407.26571240166,1570.6678100998658,498.75700474165956,202.47613375654723,206.69791004345194,136405,4321722,13429417,32848893,32069435
2021-03-06 14:25,48447.54640390543,1617.1592716365174,494.4277884609976,201.96198875075444,206.952561604954,135293,4174806,13144073,32168277,31614705
2021-03-06 16:46,48680.26108332827,1644.7316731159967,496.8285511990132,202.76401817622482,206.59945457017042,158029,4776834,15389594,37490251,36828675
2021-03-06 23:34,49427.30923707494,1652.095205910495,505.23499119024757,203.4166280010319,210.1841963934569,118836,3519773,11615275,28392970,27817869
2021-03-07 02:53,49733.42429388483,1677.6516100499168,509.5489026538069,205.77421518045162,209.60703841398305,149434,4471052,14555875,36050751,35227352
2021-03-07 04:04,50455.92210943026,1670.729260373406,510.4974192834976,206.7671734866718,212.37273306918976,109152,3257315,10661883,26344818,25714060
2021-03-07 05:22,50811.464290197575,1682.564111746919,513.6251709782424,207.89353770415434,213.36224522981345,109152,3257315,10661883,26344818,25714060,109184,3258265,10664992,26352498,25721556
2021-03-07 06:40,50825.976965615555,1678.9541992444406,511.44456260628186,207.91064467784497,213.52571964668925,109152,3257315,10661883,26344818,25714060,109184,3258265,10664992,26352498,25721556,109192,3258515,10665812,26354524,25723616
2021-03-07 07:57,50784.10489302211,1671.4777217441742,510.53623833090046,207.98655353433728,212.45708420738805,109152,3257315,10661883,26344818,25714060,109184,3258265,10664992,26352498,25721556,109192,3258515,10665812,26354524,25723616,109213,3259151,10667894,26359669,25728638
2021-03-07 09:15,51059.09283312723,1671.3673862723535,512.0780861996907,207.61171722423953,213.08316161868186,109152,3257315,10661883,26344818,25714060,109184,3258265,10664992,26352498,25721556,109192,3258515,10665812,26354524,25723616,109213,3259151,10667894,26359669,25728638,109234,3259771,10670164,26364679,25733528
2021-03-07 10:33,50662.95089327688,1644.6686658852075,509.3643036163077,207.54420442984346,211.20000540868125,109152,3257315,10661883,26344818,25714060,109184,3258265,10664992,26352498,25721556,109192,3258515,10665812,26354524,25723616,109213,3259151,10667894,26359669,25728638,109234,3259771,10670164,26364679,25733528,109238,3259882,10670529,26365580,25734407
2021-03-07 14:59,50426.37420984057,1661.029949773508,511.2189628750099,206.10337564068502,209.44111466310127,168978,5189423,16835316,41182778,40482598
2021-03-07 16:17,49928.10413304136,1650.6682223448456,506.6278805448483,206.01505628520323,208.3265535205789,168978,5189423,16835316,41182778,40482598,169090,5192862,16846472,41210069,40509425
2021-03-07 23:48,50417.894735950824,1723.5731643614783,516.7759344369696,206.73385018389396,214.03042494143634,156824,4630696,15478189,38248906,37222277
2021-03-08 01:29,50599.45774743517,1739.2641064459988,518.9059497278448,208.6259198743079,215.60327401631486,151266,4490252,14874366,37178493,35979044
2021-03-08 02:47,49864.360936658835,1688.659941091915,507.35148479778235,205.8339390587559,210.59375511854427,151266,4490252,14874366,37178493,35979044,151459,4495964,14893288,37225790,36024814
2021-03-08 04:04,49958.13083467285,1687.2322384116505,506.97453415484017,207.37651744568603,211.24012808169888,151266,4490252,14874366,37178493,35979044,151459,4495964,14893288,37225790,36024814,151472,4496338,14894529,37228889,36027814
